model,state,label,train_rmse,train_relative_rmse,validation_rmse,validation_relative_rmse,all_eigenvalues_stable,case_id,case_index,power_W,scan_speed_mm_s,particle_rate,powder_feed_g_min,coupled_relative_improvement_vs_diagonal
diagonal_attractor,front_length_m,L_f,0.00015700111659491117,0.1643581527524503,0.00018764908402178553,0.18060547066581872,True,A1-750-8-60000,1,750.0,8.0,60000.0,12.0,0.012685287145774745
diagonal_attractor,rear_length_m,L_r,1.123269222011823e-05,0.010491340308490416,5.070927132633858e-05,0.04055119658243787,True,A1-750-8-60000,1,750.0,8.0,60000.0,12.0,-0.847306074374267
diagonal_attractor,full_width_m,W,4.7460349763907625e-05,0.029636745288168884,1.7549695996984913e-05,0.010695338659281994,True,A1-750-8-60000,1,750.0,8.0,60000.0,12.0,0.03446500378678269
diagonal_attractor,height_span_m,H,4.841554146768752e-05,0.03652875868991269,4.428052539796666e-05,0.030783285873758504,True,A1-750-8-60000,1,750.0,8.0,60000.0,12.0,0.26141768117920783
diagonal_attractor,Tmax_K,Tmax,319.13422180625327,0.09796471875575669,361.2565109301418,0.12437963743090245,True,A1-750-8-60000,1,750.0,8.0,60000.0,12.0,0.829289163707938
diagonal_attractor,Gmean_K_per_m,Gmean,52358.61984319468,0.03449287427146083,53283.47308390757,0.04729893662410656,True,A1-750-8-60000,1,750.0,8.0,60000.0,12.0,-1.6564349130900826
diagonal_attractor,Umax_m_per_s,Umax,0.12224836887690585,0.19608416761924674,0.171967485381012,0.2594483805155556,True,A1-750-8-60000,1,750.0,8.0,60000.0,12.0,-0.11202952366069639
diagonal_attractor,front_length_m,L_f,0.00015355215205280716,0.1844790378678001,8.188294352637361e-05,0.10429619605957664,True,A2-550-8-60000,2,550.0,8.0,60000.0,12.0,0.24344988882224008
diagonal_attractor,rear_length_m,L_r,9.29758253966716e-05,0.09267104064078636,7.360356553685119e-05,0.06538470777014406,True,A2-550-8-60000,2,550.0,8.0,60000.0,12.0,-0.07920721301595841
diagonal_attractor,full_width_m,W,2.6093973841532367e-05,0.018528733236167803,5.142873945463273e-05,0.03497982605195936,True,A2-550-8-60000,2,550.0,8.0,60000.0,12.0,0.0467398686001598
diagonal_attractor,height_span_m,H,4.068160535390083e-05,0.03815553908621938,2.578988827548084e-05,0.023076699211339133,True,A2-550-8-60000,2,550.0,8.0,60000.0,12.0,-0.06140040640423351
diagonal_attractor,Tmax_K,Tmax,131.56932768540432,0.04637966829351805,188.22384340766095,0.07226130686344047,True,A2-550-8-60000,2,550.0,8.0,60000.0,12.0,0.17096773647993208
diagonal_attractor,Gmean_K_per_m,Gmean,60158.913915419886,0.0447996804519203,76724.59258011564,0.07306035026003506,True,A2-550-8-60000,2,550.0,8.0,60000.0,12.0,0.3323918832594313
diagonal_attractor,Umax_m_per_s,Umax,0.11835171675565465,0.21786590296899122,0.07914706087102502,0.17070451388399777,True,A2-550-8-60000,2,550.0,8.0,60000.0,12.0,-0.2206735043688337
diagonal_attractor,front_length_m,L_f,8.740868389054633e-05,0.09895484517544523,0.00010834203074044788,0.1099137980526001,True,A3-950-8-60000,3,950.0,8.0,60000.0,12.0,0.14719819934661563
diagonal_attractor,rear_length_m,L_r,5.562783445117591e-05,0.0516565106132878,0.00011104915161763999,0.07755370599737409,True,A3-950-8-60000,3,950.0,8.0,60000.0,12.0,-0.7564354090661736
diagonal_attractor,full_width_m,W,4.4960480813281526e-05,0.02907796635485416,4.221062192060173e-05,0.024577258318803898,True,A3-950-8-60000,3,950.0,8.0,60000.0,12.0,0.1498447054514786
diagonal_attractor,height_span_m,H,8.301553226884702e-05,0.061111581838324686,3.750846435548406e-05,0.022714368807482576,True,A3-950-8-60000,3,950.0,8.0,60000.0,12.0,0.13803291966417086
diagonal_attractor,Tmax_K,Tmax,696.3443225860065,0.20128531842449618,508.37088954805057,0.15953395140527538,True,A3-950-8-60000,3,950.0,8.0,60000.0,12.0,0.4661386759758333
diagonal_attractor,Gmean_K_per_m,Gmean,121703.24066037057,0.05962444372465584,129361.06601874255,0.10794134976102956,True,A3-950-8-60000,3,950.0,8.0,60000.0,12.0,-0.5382896247704803
diagonal_attractor,Umax_m_per_s,Umax,0.1715215217213784,0.2891921058103619,0.0878566978383408,0.14341926831204682,True,A3-950-8-60000,3,950.0,8.0,60000.0,12.0,-0.013666568425836764
diagonal_attractor,front_length_m,L_f,0.00011974338601924818,0.14080591739886744,0.000155599526897443,0.19149139791292163,True,A4-750-6-60000,4,750.0,6.0,60000.0,12.0,0.03189184014800002
diagonal_attractor,rear_length_m,L_r,4.136414025742711e-05,0.0400995173240758,7.051391708311754e-05,0.06371931421107642,True,A4-750-6-60000,4,750.0,6.0,60000.0,12.0,0.3741354665498738
diagonal_attractor,full_width_m,W,5.328618422454604e-05,0.03361126819739663,0.0001491342517318321,0.08531122104422585,True,A4-750-6-60000,4,750.0,6.0,60000.0,12.0,-0.038788750213832525
diagonal_attractor,height_span_m,H,0.00010003725647253587,0.07568287674210247,4.8460958775648596e-05,0.035672052372678426,True,A4-750-6-60000,4,750.0,6.0,60000.0,12.0,-0.005908731302616164
diagonal_attractor,Tmax_K,Tmax,335.9725964641652,0.10762066913118713,197.53629627224186,0.07779571891259936,True,A4-750-6-60000,4,750.0,6.0,60000.0,12.0,-0.34622615418254277
diagonal_attractor,Gmean_K_per_m,Gmean,110060.73245147432,0.07474154594221431,147274.71225576205,0.14675467594092928,True,A4-750-6-60000,4,750.0,6.0,60000.0,12.0,-0.07372615401184049
diagonal_attractor,Umax_m_per_s,Umax,0.07192973621240245,0.13621803071070715,0.0738166837817397,0.13121352161510685,True,A4-750-6-60000,4,750.0,6.0,60000.0,12.0,0.139463019881226
diagonal_attractor,front_length_m,L_f,7.544456919949974e-05,0.08843463438336775,0.0007076007734445473,1.0759806986333034,True,A5-750-10-60000,5,750.0,10.0,60000.0,12.0,0.009189936307939923
diagonal_attractor,rear_length_m,L_r,1.222723403828556e-05,0.010254943964286611,8.982377064045691e-05,0.06317905653225421,True,A5-750-10-60000,5,750.0,10.0,60000.0,12.0,-0.5633540415558006
diagonal_attractor,full_width_m,W,4.795431477207365e-05,0.03037967359649899,0.0002913434742021584,0.20009579140544664,True,A5-750-10-60000,5,750.0,10.0,60000.0,12.0,0.033629446374776426
diagonal_attractor,height_span_m,H,2.1715294690293396e-05,0.016034778445388923,0.0004215162740471426,0.35942960259377005,True,A5-750-10-60000,5,750.0,10.0,60000.0,12.0,0.007635172266408959
diagonal_attractor,Tmax_K,Tmax,295.1673568216073,0.08983119995788158,662.3795648958526,0.2411839514859096,True,A5-750-10-60000,5,750.0,10.0,60000.0,12.0,0.03284102351007829
diagonal_attractor,Gmean_K_per_m,Gmean,57305.03532729294,0.03709704991819959,336954.79676320206,0.3179238992255196,True,A5-750-10-60000,5,750.0,10.0,60000.0,12.0,-0.13231056653520698
diagonal_attractor,Umax_m_per_s,Umax,0.04942948987759023,0.09039175077082857,0.1819938994692667,0.3568193715774661,True,A5-750-10-60000,5,750.0,10.0,60000.0,12.0,0.010536394832233788
diagonal_attractor,front_length_m,L_f,3.699712498038134e-05,0.0459858199126384,0.00014082470537775364,0.15397970482678902,True,A6-750-8-40000,6,750.0,8.0,40000.0,8.0,-0.027553245982379102
diagonal_attractor,rear_length_m,L_r,1.6810694574087857e-05,0.01746394306668791,4.942865105603361e-05,0.04477503266142304,True,A6-750-8-40000,6,750.0,8.0,40000.0,8.0,-0.3974348847629853
diagonal_attractor,full_width_m,W,1.4970603545879333e-05,0.010179744380544802,1.3430816137915713e-05,0.008752492302390582,True,A6-750-8-40000,6,750.0,8.0,40000.0,8.0,0.5576445696128793
diagonal_attractor,height_span_m,H,3.61664360196882e-05,0.030236573591662805,1.4457993628950946e-05,0.011000946265132924,True,A6-750-8-40000,6,750.0,8.0,40000.0,8.0,0.07253758394521313
diagonal_attractor,Tmax_K,Tmax,76.28830196534638,0.024177913545092453,49.71463845570511,0.016402599378305162,True,A6-750-8-40000,6,750.0,8.0,40000.0,8.0,0.043697310736771716
diagonal_attractor,Gmean_K_per_m,Gmean,75759.46223944116,0.044526073495645586,46470.31416167579,0.03388644458120459,True,A6-750-8-40000,6,750.0,8.0,40000.0,8.0,-0.38170730337322123
diagonal_attractor,Umax_m_per_s,Umax,0.07550628404231306,0.14406984742117807,0.07531586023938544,0.14115338047446307,True,A6-750-8-40000,6,750.0,8.0,40000.0,8.0,0.002458096742019543
diagonal_attractor,front_length_m,L_f,0.0001405032425587693,0.15547362517875965,0.00026292986761659236,0.22609195220413245,True,A7-750-8-70000,7,750.0,8.0,70000.0,14.0,-0.026119261426973135
diagonal_attractor,rear_length_m,L_r,4.911434590299476e-05,0.041591896806851575,8.199110472995776e-05,0.06478608112041331,True,A7-750-8-70000,7,750.0,8.0,70000.0,14.0,0.29225670316328656
diagonal_attractor,full_width_m,W,3.785048851378191e-05,0.022852006014902896,1.497687055840274e-05,0.008769309916662091,True,A7-750-8-70000,7,750.0,8.0,70000.0,14.0,0.2318941144189938
diagonal_attractor,height_span_m,H,4.412678262459537e-05,0.0320483090733386,3.3402645859949374e-05,0.023702595625975258,True,A7-750-8-70000,7,750.0,8.0,70000.0,14.0,0.023549589009709358
diagonal_attractor,Tmax_K,Tmax,170.1627681548771,0.05348302100933465,76.65181061052643,0.02921552939036708,True,A7-750-8-70000,7,750.0,8.0,70000.0,14.0,-1.7253114823642435
diagonal_attractor,Gmean_K_per_m,Gmean,68311.50442879471,0.04727478831176142,23093.676164248223,0.02325071944057711,True,A7-750-8-70000,7,750.0,8.0,70000.0,14.0,-2.0366705042799125
diagonal_attractor,Umax_m_per_s,Umax,0.10168093264139658,0.1674333736670849,0.09694034732746275,0.18610630700542735,True,A7-750-8-70000,7,750.0,8.0,70000.0,14.0,0.025907488231438954
diagonal_attractor,front_length_m,L_f,0.00030492990093493425,0.4601357265468656,7.121526878589463e-05,0.11591655708191853,True,A8-550-6-60000,8,550.0,6.0,60000.0,12.0,0.3227452645463549
diagonal_attractor,rear_length_m,L_r,5.884958031679473e-05,0.0638846489215464,6.311840633298248e-05,0.06067521757208004,True,A8-550-6-60000,8,550.0,6.0,60000.0,12.0,-0.2642893160892967
diagonal_attractor,full_width_m,W,0.00012906355523394883,0.09224228136047459,7.73008913313905e-05,0.05486950577653333,True,A8-550-6-60000,8,550.0,6.0,60000.0,12.0,-0.07672291267879688
diagonal_attractor,height_span_m,H,8.73303806894651e-05,0.0825827272286649,0.00011353868674355411,0.09579389035650812,True,A8-550-6-60000,8,550.0,6.0,60000.0,12.0,-0.08119181378584105
diagonal_attractor,Tmax_K,Tmax,317.11126014806155,0.11805003852270224,37.8868902500822,0.016462063430601734,True,A8-550-6-60000,8,550.0,6.0,60000.0,12.0,-1.9903708049716524
diagonal_attractor,Gmean_K_per_m,Gmean,196660.7533934735,0.15640539967892805,98752.19319802805,0.10531367883761023,True,A8-550-6-60000,8,550.0,6.0,60000.0,12.0,0.31769329124366025
diagonal_attractor,Umax_m_per_s,Umax,0.09968856685648991,0.18574198765340302,0.23339345524055266,0.3571570506015719,True,A8-550-6-60000,8,550.0,6.0,60000.0,12.0,-0.00021177863387509638
diagonal_attractor,front_length_m,L_f,0.00010821515119288316,0.1339149104520884,0.0006903982558481687,1.028449658644672,True,A9-550-10-60000,9,550.0,10.0,60000.0,12.0,-0.00046878991086709226
diagonal_attractor,rear_length_m,L_r,1.403332984822886e-05,0.013389673371830127,8.235552265062885e-05,0.06786051635681348,True,A9-550-10-60000,9,550.0,10.0,60000.0,12.0,-0.40229969174701524
diagonal_attractor,full_width_m,W,5.93701633874717e-05,0.041104001729854636,0.00030251367278970955,0.23000527616343924,True,A9-550-10-60000,9,550.0,10.0,60000.0,12.0,0.009453209988004255
diagonal_attractor,height_span_m,H,3.3517490695832916e-05,0.03258589613197112,0.00038108850387751244,0.44264920420343096,True,A9-550-10-60000,9,550.0,10.0,60000.0,12.0,0.019745537092301896
diagonal_attractor,Tmax_K,Tmax,105.01724345688608,0.034836725189339675,533.3051734368265,0.21744482322303946,True,A9-550-10-60000,9,550.0,10.0,60000.0,12.0,0.09098248911443937
diagonal_attractor,Gmean_K_per_m,Gmean,83662.90566731096,0.057084177160662046,257021.02825940232,0.2635916001917729,True,A9-550-10-60000,9,550.0,10.0,60000.0,12.0,-0.034506436443766116
diagonal_attractor,Umax_m_per_s,Umax,0.08521656858536943,0.13065231255020177,0.27964994011635685,0.5775187607811534,True,A9-550-10-60000,9,550.0,10.0,60000.0,12.0,-0.004767880007263696
diagonal_attractor,front_length_m,L_f,8.522218531361434e-05,0.11529737834731268,0.00014837412167948056,0.21544086202915733,True,A10-550-8-40000,10,550.0,8.0,40000.0,8.0,0.13519576621758608
diagonal_attractor,rear_length_m,L_r,1.6892064592049313e-05,0.019611874167096303,3.06056237282656e-05,0.03168721396493538,True,A10-550-8-40000,10,550.0,8.0,40000.0,8.0,-0.7067661343308782
diagonal_attractor,full_width_m,W,1.5130385924136114e-05,0.01136051321790614,3.9625796385811586e-05,0.028232215346007734,True,A10-550-8-40000,10,550.0,8.0,40000.0,8.0,-0.09976577222682577
diagonal_attractor,height_span_m,H,3.138059595657956e-05,0.03384102659579734,2.6507714015360626e-05,0.026510188299601924,True,A10-550-8-40000,10,550.0,8.0,40000.0,8.0,-0.0398777705904054
diagonal_attractor,Tmax_K,Tmax,70.91913474545709,0.025879852438647266,101.53092903522837,0.03943663409623558,True,A10-550-8-40000,10,550.0,8.0,40000.0,8.0,-0.059210099186375785
diagonal_attractor,Gmean_K_per_m,Gmean,66405.28062538378,0.04364719019129754,66285.58191559644,0.05386390881644424,True,A10-550-8-40000,10,550.0,8.0,40000.0,8.0,-0.6676757656871922
diagonal_attractor,Umax_m_per_s,Umax,0.06697440065802285,0.1472743824977835,0.04868403578723139,0.11591243455426908,True,A10-550-8-40000,10,550.0,8.0,40000.0,8.0,-0.012825387509282303
diagonal_attractor,front_length_m,L_f,0.00012816964446545434,0.18838288445123455,0.00012339501793600302,0.15757249129868872,True,A11-550-8-70000,11,550.0,8.0,70000.0,14.0,-0.24000799336069378
diagonal_attractor,rear_length_m,L_r,3.0205615787185396e-05,0.026867108842425592,0.00011251185199117476,0.0976213431205241,True,A11-550-8-70000,11,550.0,8.0,70000.0,14.0,0.2775283573520163
diagonal_attractor,full_width_m,W,4.969771356869087e-05,0.033501667454491506,5.857812397516371e-05,0.03939278648342805,True,A11-550-8-70000,11,550.0,8.0,70000.0,14.0,0.0151975401912899
diagonal_attractor,height_span_m,H,3.264606828335228e-05,0.028311891969022132,3.7716253730663246e-05,0.03143798361038972,True,A11-550-8-70000,11,550.0,8.0,70000.0,14.0,-0.004618059354708429
diagonal_attractor,Tmax_K,Tmax,108.17727489370839,0.0403641527693841,146.49124370825848,0.05787651365345442,True,A11-550-8-70000,11,550.0,8.0,70000.0,14.0,0.03316855592751439
diagonal_attractor,Gmean_K_per_m,Gmean,89904.80772344436,0.07005284110757767,65315.07855664032,0.0703428210239503,True,A11-550-8-70000,11,550.0,8.0,70000.0,14.0,0.18682668741255415
diagonal_attractor,Umax_m_per_s,Umax,0.14819770017905262,0.2439639622472038,0.6760416594156481,0.6066537776152071,True,A11-550-8-70000,11,550.0,8.0,70000.0,14.0,-0.014060593190788749
diagonal_attractor,front_length_m,L_f,0.00013399260374128964,0.1652309913819755,6.594319203019432e-05,0.0704897830360175,True,A12-950-6-60000,12,950.0,6.0,60000.0,12.0,-0.05218454866682113
diagonal_attractor,rear_length_m,L_r,5.5065578574915214e-05,0.055279859279218586,1.4402628042408688e-05,0.011285557155938477,True,A12-950-6-60000,12,950.0,6.0,60000.0,12.0,-7.205280995229946
diagonal_attractor,full_width_m,W,2.3699508968645815e-05,0.0155730899547336,1.1969600362411183e-05,0.006848929633001375,True,A12-950-6-60000,12,950.0,6.0,60000.0,12.0,-2.15203120712415
diagonal_attractor,height_span_m,H,8.742504884109295e-05,0.06722433357046545,0.00015421044514926326,0.08762670737347734,True,A12-950-6-60000,12,950.0,6.0,60000.0,12.0,-0.16540292709114487
diagonal_attractor,Tmax_K,Tmax,580.8875642636244,0.19078786218474572,235.8970331606386,0.07617854869071959,True,A12-950-6-60000,12,950.0,6.0,60000.0,12.0,-0.042282874880022095
diagonal_attractor,Gmean_K_per_m,Gmean,317619.54242000915,0.16210203577789972,101580.90977556804,0.08622529867150819,True,A12-950-6-60000,12,950.0,6.0,60000.0,12.0,-0.15259681052279622
diagonal_attractor,Umax_m_per_s,Umax,0.1137795501778421,0.2121628140923859,0.12528059839594882,0.24159493120426595,True,A12-950-6-60000,12,950.0,6.0,60000.0,12.0,0.16373094506504005
diagonal_attractor,front_length_m,L_f,3.559780804768218e-05,0.04285335764548028,0.0007164086498623315,1.0441752657955572,True,A13-950-10-60000,13,950.0,10.0,60000.0,12.0,0.006764615874575775
diagonal_attractor,rear_length_m,L_r,3.811157895232139e-05,0.03127573531231471,4.124402940276061e-05,0.026786475625277494,True,A13-950-10-60000,13,950.0,10.0,60000.0,12.0,-2.6297396585525643
diagonal_attractor,full_width_m,W,2.7399927420951948e-05,0.018477231344283397,0.00018947108837409152,0.12093899257920737,True,A13-950-10-60000,13,950.0,10.0,60000.0,12.0,0.0014829734679788023
diagonal_attractor,height_span_m,H,3.987590191390802e-05,0.02823422062176678,0.0003829263068187357,0.2696107190195938,True,A13-950-10-60000,13,950.0,10.0,60000.0,12.0,0.0555242389520577
diagonal_attractor,Tmax_K,Tmax,173.64979441307912,0.04925505597965666,768.3832304466226,0.2658581518395345,True,A13-950-10-60000,13,950.0,10.0,60000.0,12.0,-0.027828902969168214
diagonal_attractor,Gmean_K_per_m,Gmean,133910.87883416424,0.06486795401525304,463149.95144540153,0.4047034582920528,True,A13-950-10-60000,13,950.0,10.0,60000.0,12.0,-0.0010521592233065564
diagonal_attractor,Umax_m_per_s,Umax,0.20017833224792003,0.3180097331550164,0.3527412482866742,0.7406046293303545,True,A13-950-10-60000,13,950.0,10.0,60000.0,12.0,0.17881412179454137
diagonal_attractor,front_length_m,L_f,0.00010072128348460814,0.11615387441957416,4.0827589500841134e-05,0.043487579798517126,True,A14-950-8-40000,14,950.0,8.0,40000.0,8.0,0.11281045984850227
diagonal_attractor,rear_length_m,L_r,2.9344671567135204e-05,0.02916647091130511,8.954438138232452e-05,0.07471578799214927,True,A14-950-8-40000,14,950.0,8.0,40000.0,8.0,-0.407352650752703
diagonal_attractor,full_width_m,W,2.977036220030461e-05,0.02005782733116097,1.6337356857792837e-05,0.010643182998853104,True,A14-950-8-40000,14,950.0,8.0,40000.0,8.0,-0.4588490477129815
diagonal_attractor,height_span_m,H,6.989426489758575e-05,0.05184470401162021,3.052266335256057e-05,0.01978248725521021,True,A14-950-8-40000,14,950.0,8.0,40000.0,8.0,-1.8595609083827356
diagonal_attractor,Tmax_K,Tmax,119.34820614989182,0.03443531376949252,737.0167234069927,0.199766011656907,True,A14-950-8-40000,14,950.0,8.0,40000.0,8.0,0.022595594728248024
diagonal_attractor,Gmean_K_per_m,Gmean,38681.56862255035,0.021576172582681775,105471.87702301957,0.07150561167106942,True,A14-950-8-40000,14,950.0,8.0,40000.0,8.0,-0.20670598906563906
diagonal_attractor,Umax_m_per_s,Umax,0.0737870684576163,0.12789566946265,0.17891044176966292,0.2841837718713532,True,A14-950-8-40000,14,950.0,8.0,40000.0,8.0,0.5559704129205871
diagonal_attractor,front_length_m,L_f,0.00013940499904141455,0.16948661303332213,8.944652185854006e-05,0.0913589696226407,True,A15-950-8-70000,15,950.0,8.0,70000.0,14.0,0.0786141687091991
diagonal_attractor,rear_length_m,L_r,6.354137130999224e-05,0.053522420257884985,4.1357719368968295e-05,0.025981730976861597,True,A15-950-8-70000,15,950.0,8.0,70000.0,14.0,-4.474151325873408
diagonal_attractor,full_width_m,W,7.551350009113486e-05,0.04830280986240345,4.310375764741315e-05,0.025118251965237558,True,A15-950-8-70000,15,950.0,8.0,70000.0,14.0,-0.10857506508909705
diagonal_attractor,height_span_m,H,4.8948175496130465e-05,0.03470962455134132,7.117745345642654e-05,0.04023044886783608,True,A15-950-8-70000,15,950.0,8.0,70000.0,14.0,-0.07957557726704613
diagonal_attractor,Tmax_K,Tmax,437.328577606131,0.13629982125881937,65.12477644005332,0.01942650757376977,True,A15-950-8-70000,15,950.0,8.0,70000.0,14.0,-3.6199263567753484
diagonal_attractor,Gmean_K_per_m,Gmean,163596.6565318395,0.08674316096111208,92112.59986784775,0.07755890701251884,True,A15-950-8-70000,15,950.0,8.0,70000.0,14.0,0.5078318269700591
diagonal_attractor,Umax_m_per_s,Umax,0.1278050613231227,0.22225637991105424,0.10557891295224313,0.1715620771343041,True,A15-950-8-70000,15,950.0,8.0,70000.0,14.0,0.23248974383449103
coupled_ridge_attractor,front_length_m,L_f,0.00016042754287064827,0.1679451405741717,0.00018526870150832757,0.17831443841032502,True,A1-750-8-60000,1,750.0,8.0,60000.0,12.0,0.012685287145774745
coupled_ridge_attractor,rear_length_m,L_r,3.9466344231726583e-05,0.03686158580268775,9.36755449482381e-05,0.0749104717698825,True,A1-750-8-60000,1,750.0,8.0,60000.0,12.0,-0.847306074374267
coupled_ridge_attractor,full_width_m,W,5.356647067996876e-05,0.03344972920396977,1.694484565799194e-05,0.010326723771888917,True,A1-750-8-60000,1,750.0,8.0,60000.0,12.0,0.03446500378678269
coupled_ridge_attractor,height_span_m,H,7.07409455552303e-05,0.05337292223423487,3.27048131270332e-05,0.02273599066156389,True,A1-750-8-60000,1,750.0,8.0,60000.0,12.0,0.26141768117920783
coupled_ridge_attractor,Tmax_K,Tmax,271.19341226866254,0.08324831542962068,61.670401096836926,0.02123295192353281,True,A1-750-8-60000,1,750.0,8.0,60000.0,12.0,0.829289163707938
coupled_ridge_attractor,Gmean_K_per_m,Gmean,164726.313085891,0.10851859776841376,141544.07819078775,0.12564654660031183,True,A1-750-8-60000,1,750.0,8.0,60000.0,12.0,-1.6564349130900826
coupled_ridge_attractor,Umax_m_per_s,Umax,0.11238229830140317,0.1802591692634965,0.19123292085337457,0.28851425899925237,True,A1-750-8-60000,1,750.0,8.0,60000.0,12.0,-0.11202952366069639
coupled_ridge_attractor,front_length_m,L_f,0.00010340457760384465,0.12423125780043272,6.194855002844019e-05,0.07890529872429015,True,A2-550-8-60000,2,550.0,8.0,60000.0,12.0,0.24344988882224008
coupled_ridge_attractor,rear_length_m,L_r,9.093177099100353e-05,0.09063368686531319,7.943349883106262e-05,0.07056364824648005,True,A2-550-8-60000,2,550.0,8.0,60000.0,12.0,-0.07920721301595841
coupled_ridge_attractor,full_width_m,W,3.325996160749709e-05,0.023617137037579946,4.902496693025134e-05,0.03334487357863433,True,A2-550-8-60000,2,550.0,8.0,60000.0,12.0,0.0467398686001598
coupled_ridge_attractor,height_span_m,H,4.6353886713600835e-05,0.04347560822423128,2.7373397896715143e-05,0.02449361792138361,True,A2-550-8-60000,2,550.0,8.0,60000.0,12.0,-0.06140040640423351
coupled_ridge_attractor,Tmax_K,Tmax,176.50463511088154,0.062219869727427865,156.0436389487,0.05990695479391627,True,A2-550-8-60000,2,550.0,8.0,60000.0,12.0,0.17096773647993208
coupled_ridge_attractor,Gmean_K_per_m,Gmean,133496.24331294146,0.09941318173329987,51221.960760098416,0.048775682845508324,True,A2-550-8-60000,2,550.0,8.0,60000.0,12.0,0.3323918832594313
coupled_ridge_attractor,Umax_m_per_s,Umax,0.1062355168726909,0.19556198630080682,0.09661272015392751,0.20837447717435778,True,A2-550-8-60000,2,550.0,8.0,60000.0,12.0,-0.2206735043688337
coupled_ridge_attractor,front_length_m,L_f,0.00010097912903901378,0.1143178644872336,9.239427890189828e-05,0.09373468489590982,True,A3-950-8-60000,3,950.0,8.0,60000.0,12.0,0.14719819934661563
coupled_ridge_attractor,rear_length_m,L_r,9.046124856222125e-05,0.08400313426809783,0.00019505066204798102,0.13621807531809552,True,A3-950-8-60000,3,950.0,8.0,60000.0,12.0,-0.7564354090661736
coupled_ridge_attractor,full_width_m,W,0.00010254337421230155,0.06631941499116933,3.588558371198544e-05,0.020894486285217825,True,A3-950-8-60000,3,950.0,8.0,60000.0,12.0,0.1498447054514786
coupled_ridge_attractor,height_span_m,H,0.00014127013789651642,0.10399549767886204,3.233106150837711e-05,0.019579038162656985,True,A3-950-8-60000,3,950.0,8.0,60000.0,12.0,0.13803291966417086
coupled_ridge_attractor,Tmax_K,Tmax,641.850316945011,0.18553327892062088,271.39955618946567,0.08516900652402738,True,A3-950-8-60000,3,950.0,8.0,60000.0,12.0,0.4661386759758333
coupled_ridge_attractor,Gmean_K_per_m,Gmean,325511.43017880514,0.1594734687845354,198994.78570588081,0.16604505842111333,True,A3-950-8-60000,3,950.0,8.0,60000.0,12.0,-0.5382896247704803
coupled_ridge_attractor,Umax_m_per_s,Umax,0.18048592855766965,0.30430645218690033,0.08905739741101655,0.14537931755601685,True,A3-950-8-60000,3,950.0,8.0,60000.0,12.0,-0.013666568425836764
coupled_ridge_attractor,front_length_m,L_f,0.00010867164806927892,0.127786691276477,0.0001506371716585253,0.18538438486096567,True,A4-750-6-60000,4,750.0,6.0,60000.0,12.0,0.03189184014800002
coupled_ridge_attractor,rear_length_m,L_r,5.0816581509319405e-05,0.04926296975838587,4.4132159816966244e-05,0.03987965886047734,True,A4-750-6-60000,4,750.0,6.0,60000.0,12.0,0.3741354665498738
coupled_ridge_attractor,full_width_m,W,5.826673950908635e-05,0.03675284761196339,0.00015491898297058496,0.08862033668774738,True,A4-750-6-60000,4,750.0,6.0,60000.0,12.0,-0.038788750213832525
coupled_ridge_attractor,height_span_m,H,0.00010246905573567718,0.07752264694755975,4.874730155972106e-05,0.035882828945161434,True,A4-750-6-60000,4,750.0,6.0,60000.0,12.0,-0.005908731302616164
coupled_ridge_attractor,Tmax_K,Tmax,276.8391057063785,0.08867869020078752,265.9285284420435,0.10473063148357474,True,A4-750-6-60000,4,750.0,6.0,60000.0,12.0,-0.34622615418254277
coupled_ridge_attractor,Gmean_K_per_m,Gmean,178214.3463367308,0.12102423323560238,158132.71037357984,0.15757433378130797,True,A4-750-6-60000,4,750.0,6.0,60000.0,12.0,-0.07372615401184049
coupled_ridge_attractor,Umax_m_per_s,Umax,0.059555422092269016,0.11278398535479446,0.06352198614392075,0.11291408764141353,True,A4-750-6-60000,4,750.0,6.0,60000.0,12.0,0.139463019881226
coupled_ridge_attractor,front_length_m,L_f,8.111614688197196e-05,0.09508274575901896,0.0007010979674051429,1.0660925045442906,True,A5-750-10-60000,5,750.0,10.0,60000.0,12.0,0.009189936307939923
coupled_ridge_attractor,rear_length_m,L_r,7.424195148760117e-05,0.06226649869633044,0.00014042635485853958,0.09877123337138202,True,A5-750-10-60000,5,750.0,10.0,60000.0,12.0,-0.5633540415558006
coupled_ridge_attractor,full_width_m,W,5.34137909397382e-05,0.03383832178634033,0.0002815457544598359,0.19336668071855873,True,A5-750-10-60000,5,750.0,10.0,60000.0,12.0,0.033629446374776426
coupled_ridge_attractor,height_span_m,H,4.544229260691943e-05,0.033555017530026585,0.00041829792468169784,0.3566852956603197,True,A5-750-10-60000,5,750.0,10.0,60000.0,12.0,0.007635172266408959
coupled_ridge_attractor,Tmax_K,Tmax,271.0386762910054,0.0824878800569132,640.6263420325125,0.23326322366490726,True,A5-750-10-60000,5,750.0,10.0,60000.0,12.0,0.03284102351007829
coupled_ridge_attractor,Gmean_K_per_m,Gmean,114004.69302622988,0.07380220191730327,381537.47681969684,0.35998859044713016,True,A5-750-10-60000,5,750.0,10.0,60000.0,12.0,-0.13231056653520698
coupled_ridge_attractor,Umax_m_per_s,Umax,0.05244973759231207,0.09591488037162733,0.18007633988740063,0.3530597817947364,True,A5-750-10-60000,5,750.0,10.0,60000.0,12.0,0.010536394832233788
coupled_ridge_attractor,front_length_m,L_f,3.848956095727473e-05,0.047840853029426665,0.00014470488312542294,0.15822234551017567,True,A6-750-8-40000,6,750.0,8.0,40000.0,8.0,-0.027553245982379102
coupled_ridge_attractor,rear_length_m,L_r,2.78912331753895e-05,0.02897506144603479,6.907332129247814e-05,0.06257019260747461,True,A6-750-8-40000,6,750.0,8.0,40000.0,8.0,-0.3974348847629853
coupled_ridge_attractor,full_width_m,W,1.94306343898655e-05,0.01321248609880516,5.941194453137992e-06,0.003871712499383947,True,A6-750-8-40000,6,750.0,8.0,40000.0,8.0,0.5576445696128793
coupled_ridge_attractor,height_span_m,H,4.7456346268092244e-05,0.03967538591708253,1.340924570241156e-05,0.010202964201949065,True,A6-750-8-40000,6,750.0,8.0,40000.0,8.0,0.07253758394521313
coupled_ridge_attractor,Tmax_K,Tmax,104.25304149474645,0.03304072785914014,47.5422424509399,0.015685849896380583,True,A6-750-8-40000,6,750.0,8.0,40000.0,8.0,0.043697310736771716
coupled_ridge_attractor,Gmean_K_per_m,Gmean,133627.45099285425,0.07853679960317914,64208.372467235466,0.0468211479632023,True,A6-750-8-40000,6,750.0,8.0,40000.0,8.0,-0.38170730337322123
coupled_ridge_attractor,Umax_m_per_s,Umax,0.07092057964302685,0.1353200891526668,0.07513072656870862,0.14080641180979375,True,A6-750-8-40000,6,750.0,8.0,40000.0,8.0,0.002458096742019543
coupled_ridge_attractor,front_length_m,L_f,0.00013002861311331475,0.14388294169963767,0.0002697974015658296,0.2319973070102869,True,A7-750-8-70000,7,750.0,8.0,70000.0,14.0,-0.026119261426973135
coupled_ridge_attractor,rear_length_m,L_r,5.5110829329545677e-05,0.04666994712587036,5.802865477286456e-05,0.045851914641292076,True,A7-750-8-70000,7,750.0,8.0,70000.0,14.0,0.29225670316328656
coupled_ridge_attractor,full_width_m,W,5.071553050304326e-05,0.030619198155990637,1.1503822423494036e-05,0.006735758559472035,True,A7-750-8-70000,7,750.0,8.0,70000.0,14.0,0.2318941144189938
coupled_ridge_attractor,height_span_m,H,5.809086997018038e-05,0.04219011775641634,3.261602727811069e-05,0.023144409240520206,True,A7-750-8-70000,7,750.0,8.0,70000.0,14.0,0.023549589009709358
coupled_ridge_attractor,Tmax_K,Tmax,224.80828583989705,0.07065838435176582,208.900059600877,0.07962141771091742,True,A7-750-8-70000,7,750.0,8.0,70000.0,14.0,-1.7253114823642435
coupled_ridge_attractor,Gmean_K_per_m,Gmean,143573.5402824016,0.09935967273412374,70127.88524336464,0.07060477392848805,True,A7-750-8-70000,7,750.0,8.0,70000.0,14.0,-2.0366705042799125
coupled_ridge_attractor,Umax_m_per_s,Umax,0.10318212936043215,0.16990532612342732,0.0944288664199249,0.18128476004688768,True,A7-750-8-70000,7,750.0,8.0,70000.0,14.0,0.025907488231438954
coupled_ridge_attractor,front_length_m,L_f,0.00025761971468578923,0.38874519758898896,4.8230878021851294e-05,0.07850503720121209,True,A8-550-6-60000,8,550.0,6.0,60000.0,12.0,0.3227452645463549
coupled_ridge_attractor,rear_length_m,L_r,6.083759645777552e-05,0.06604275629518012,7.979992677537275e-05,0.07671102932777435,True,A8-550-6-60000,8,550.0,6.0,60000.0,12.0,-0.2642893160892967
coupled_ridge_attractor,full_width_m,W,0.00012521521967375168,0.08949185928454645,8.323164086700194e-05,0.05907925407695504,True,A8-550-6-60000,8,550.0,6.0,60000.0,12.0,-0.07672291267879688
coupled_ridge_attractor,height_span_m,H,8.958850369105452e-05,0.08471808899414417,0.00012275709865512569,0.103571570064155,True,A8-550-6-60000,8,550.0,6.0,60000.0,12.0,-0.08119181378584105
coupled_ridge_attractor,Tmax_K,Tmax,300.33344105666293,0.11180421114608442,113.29585049501097,0.04922767387246291,True,A8-550-6-60000,8,550.0,6.0,60000.0,12.0,-1.9903708049716524
coupled_ridge_attractor,Gmean_K_per_m,Gmean,231740.25084307225,0.18430432066070088,67379.28392341672,0.07185622959471202,True,A8-550-6-60000,8,550.0,6.0,60000.0,12.0,0.31769329124366025
coupled_ridge_attractor,Umax_m_per_s,Umax,0.0993542001611743,0.1851189880803183,0.2334428829876589,0.35723268883382714,True,A8-550-6-60000,8,550.0,6.0,60000.0,12.0,-0.00021177863387509638
coupled_ridge_attractor,front_length_m,L_f,0.0001097176699660332,0.1357742588403777,0.0006907219075849905,1.0289317854684794,True,A9-550-10-60000,9,550.0,10.0,60000.0,12.0,-0.00046878991086709226
coupled_ridge_attractor,rear_length_m,L_r,4.73115417951794e-05,0.04514153791055469,0.00011548712402664117,0.09516078116895282,True,A9-550-10-60000,9,550.0,10.0,60000.0,12.0,-0.40229969174701524
coupled_ridge_attractor,full_width_m,W,5.981692582048935e-05,0.04141331069536553,0.000299653947516586,0.22783098798951734,True,A9-550-10-60000,9,550.0,10.0,60000.0,12.0,0.009453209988004255
coupled_ridge_attractor,height_span_m,H,4.680326682857867e-05,0.04550240366599419,0.0003735637066887492,0.4339088579229542,True,A9-550-10-60000,9,550.0,10.0,60000.0,12.0,0.019745537092301896
coupled_ridge_attractor,Tmax_K,Tmax,172.9244468312083,0.057363164700190726,484.78374129993625,0.19766115196115808,True,A9-550-10-60000,9,550.0,10.0,60000.0,12.0,0.09098248911443937
coupled_ridge_attractor,Gmean_K_per_m,Gmean,157532.93275158075,0.10748655894871136,265889.9080357468,0.27268720699090093,True,A9-550-10-60000,9,550.0,10.0,60000.0,12.0,-0.034506436443766116
coupled_ridge_attractor,Umax_m_per_s,Umax,0.1532530453817912,0.2349644572279774,0.2809832774748701,0.5802723009345016,True,A9-550-10-60000,9,550.0,10.0,60000.0,12.0,-0.004767880007263696
coupled_ridge_attractor,front_length_m,L_f,8.341814513011335e-05,0.11285668637461294,0.00012831456861216184,0.18631416961254815,True,A10-550-8-40000,10,550.0,8.0,40000.0,8.0,0.13519576621758608
coupled_ridge_attractor,rear_length_m,L_r,2.9354012950716448e-05,0.03408033429849234,5.223664209947727e-05,0.05408266368664818,True,A10-550-8-40000,10,550.0,8.0,40000.0,8.0,-0.7067661343308782
coupled_ridge_attractor,full_width_m,W,2.9040723592926062e-05,0.02180496425465977,4.357909456234504e-05,0.031048824111676237,True,A10-550-8-40000,10,550.0,8.0,40000.0,8.0,-0.09976577222682577
coupled_ridge_attractor,height_span_m,H,3.682968493740882e-05,0.03971735747804897,2.7564782553741252e-05,0.0275673555069219,True,A10-550-8-40000,10,550.0,8.0,40000.0,8.0,-0.0398777705904054
coupled_ridge_attractor,Tmax_K,Tmax,81.61546492391642,0.02978316354991699,107.54258541388913,0.0417716811126505,True,A10-550-8-40000,10,550.0,8.0,40000.0,8.0,-0.059210099186375785
coupled_ridge_attractor,Gmean_K_per_m,Gmean,109625.99299827509,0.07205551307431,110542.8585751134,0.08982753537836875,True,A10-550-8-40000,10,550.0,8.0,40000.0,8.0,-0.6676757656871922
coupled_ridge_attractor,Umax_m_per_s,Umax,0.06743919087314765,0.14829644004889225,0.049308427411718404,0.11739905644457191,True,A10-550-8-40000,10,550.0,8.0,40000.0,8.0,-0.012825387509282303
coupled_ridge_attractor,front_length_m,L_f,0.00010772569190647424,0.15833449999400132,0.0001530108085815299,0.19539114874413238,True,A11-550-8-70000,11,550.0,8.0,70000.0,14.0,-0.24000799336069378
coupled_ridge_attractor,rear_length_m,L_r,4.473868519487592e-05,0.0397938957135146,8.128662252543086e-05,0.0705286521217875,True,A11-550-8-70000,11,550.0,8.0,70000.0,14.0,0.2775283573520163
coupled_ridge_attractor,full_width_m,W,6.208953116833158e-05,0.041855101094976255,5.768788058172081e-05,0.03879411302759925,True,A11-550-8-70000,11,550.0,8.0,70000.0,14.0,0.0151975401912899
coupled_ridge_attractor,height_span_m,H,4.5721097347491774e-05,0.03965104641612941,3.7890429629028695e-05,0.03158316608469485,True,A11-550-8-70000,11,550.0,8.0,70000.0,14.0,-0.004618059354708429
coupled_ridge_attractor,Tmax_K,Tmax,129.946505874303,0.04848689912101951,141.63234069842997,0.05595683327345027,True,A11-550-8-70000,11,550.0,8.0,70000.0,14.0,0.03316855592751439
coupled_ridge_attractor,Gmean_K_per_m,Gmean,140457.79952020373,0.1094431784157301,53112.47879181246,0.057200904788791494,True,A11-550-8-70000,11,550.0,8.0,70000.0,14.0,0.18682668741255415
coupled_ridge_attractor,Umax_m_per_s,Umax,0.14842253983937118,0.244334094673924,0.6855472061687173,0.6151836895899098,True,A11-550-8-70000,11,550.0,8.0,70000.0,14.0,-0.014060593190788749
coupled_ridge_attractor,front_length_m,L_f,0.00013672582424865962,0.16860142170042988,6.938440774393954e-05,0.07416826054937421,True,A12-950-6-60000,12,950.0,6.0,60000.0,12.0,-0.05218454866682113
coupled_ridge_attractor,rear_length_m,L_r,0.00010297404287687297,0.10337475328442099,0.0001181776101577419,0.0926011676522033,True,A12-950-6-60000,12,950.0,6.0,60000.0,12.0,-7.205280995229946
coupled_ridge_attractor,full_width_m,W,7.312653572886773e-05,0.048051886665260675,3.772855387912458e-05,0.021588039938617687,True,A12-950-6-60000,12,950.0,6.0,60000.0,12.0,-2.15203120712415
coupled_ridge_attractor,height_span_m,H,0.00012905853961791167,0.09923785496718703,0.00017971730416497985,0.1021204212644097,True,A12-950-6-60000,12,950.0,6.0,60000.0,12.0,-0.16540292709114487
coupled_ridge_attractor,Tmax_K,Tmax,419.77375205985584,0.13787132258252846,245.87143789833834,0.07939959673355096,True,A12-950-6-60000,12,950.0,6.0,60000.0,12.0,-0.042282874880022095
coupled_ridge_attractor,Gmean_K_per_m,Gmean,425660.2333753665,0.21724226996271867,117081.83261732367,0.09938300423515584,True,A12-950-6-60000,12,950.0,6.0,60000.0,12.0,-0.15259681052279622
coupled_ridge_attractor,Umax_m_per_s,Umax,0.0964518108545307,0.179852069930128,0.10476828762226638,0.20203836479526815,True,A12-950-6-60000,12,950.0,6.0,60000.0,12.0,0.16373094506504005
coupled_ridge_attractor,front_length_m,L_f,4.478018393832979e-05,0.053907286515204,0.0007115624205367893,1.0371118212167172,True,A13-950-10-60000,13,950.0,10.0,60000.0,12.0,0.006764615874575775
coupled_ridge_attractor,rear_length_m,L_r,0.00011610157736674154,0.09527713894003494,0.0001497050892017082,0.0972279328899213,True,A13-950-10-60000,13,950.0,10.0,60000.0,12.0,-2.6297396585525643
coupled_ridge_attractor,full_width_m,W,6.209502504294765e-05,0.04187398475261191,0.0001891901077770837,0.12075964326196832,True,A13-950-10-60000,13,950.0,10.0,60000.0,12.0,0.0014829734679788023
coupled_ridge_attractor,height_span_m,H,0.00010109633001668218,0.07158148026104938,0.0003616646150579032,0.2546407890327138,True,A13-950-10-60000,13,950.0,10.0,60000.0,12.0,0.0555242389520577
coupled_ridge_attractor,Tmax_K,Tmax,288.67996040264563,0.08188289342867441,789.7664928098577,0.2732566925506393,True,A13-950-10-60000,13,950.0,10.0,60000.0,12.0,-0.027828902969168214
coupled_ridge_attractor,Gmean_K_per_m,Gmean,519459.2759985622,0.2516319863003883,463637.2589385888,0.40512927076839883,True,A13-950-10-60000,13,950.0,10.0,60000.0,12.0,-0.0010521592233065564
coupled_ridge_attractor,Umax_m_per_s,Umax,0.18798194049177552,0.29863415316955644,0.28966613175358225,0.6081740629396754,True,A13-950-10-60000,13,950.0,10.0,60000.0,12.0,0.17881412179454137
coupled_ridge_attractor,front_length_m,L_f,0.00010422170804466965,0.1201906366678105,3.622181035474536e-05,0.03858172592374797,True,A14-950-8-40000,14,950.0,8.0,40000.0,8.0,0.11281045984850227
coupled_ridge_attractor,rear_length_m,L_r,5.429850669393898e-05,0.053968769505321354,0.0001260205224984254,0.10515146228382825,True,A14-950-8-40000,14,950.0,8.0,40000.0,8.0,-0.407352650752703
coupled_ridge_attractor,full_width_m,W,4.130523790684029e-05,0.02782946758368463,2.383373749413823e-05,0.015526797382511845,True,A14-950-8-40000,14,950.0,8.0,40000.0,8.0,-0.4588490477129815
coupled_ridge_attractor,height_span_m,H,0.00011906201892839056,0.08831533087032362,8.728141494270852e-05,0.05656922722557879,True,A14-950-8-40000,14,950.0,8.0,40000.0,8.0,-1.8595609083827356
coupled_ridge_attractor,Tmax_K,Tmax,132.88649659163914,0.038341491284038375,720.363392216947,0.19525217981702905,True,A14-950-8-40000,14,950.0,8.0,40000.0,8.0,0.022595594728248024
coupled_ridge_attractor,Gmean_K_per_m,Gmean,122695.86988362463,0.06843846715792287,127273.54568167227,0.08628624985528133,True,A14-950-8-40000,14,950.0,8.0,40000.0,8.0,-0.20670598906563906
coupled_ridge_attractor,Umax_m_per_s,Umax,0.10424426761832305,0.18068735719385937,0.07944152958317877,0.12618600287870702,True,A14-950-8-40000,14,950.0,8.0,40000.0,8.0,0.5559704129205871
coupled_ridge_attractor,front_length_m,L_f,0.00015121134252508734,0.18384059734604588,8.241475789870172e-05,0.08417686017162783,True,A15-950-8-70000,15,950.0,8.0,70000.0,14.0,0.0786141687091991
coupled_ridge_attractor,rear_length_m,L_r,0.00015734931351722492,0.1325390987278591,0.00022639841431873811,0.1422279270754731,True,A15-950-8-70000,15,950.0,8.0,70000.0,14.0,-4.474151325873408
coupled_ridge_attractor,full_width_m,W,0.00010539706480793164,0.06741806928997861,4.77837509395657e-05,0.027845467807287565,True,A15-950-8-70000,15,950.0,8.0,70000.0,14.0,-0.10857506508909705
coupled_ridge_attractor,height_span_m,H,0.00013441394307383146,0.09531422675655964,7.684144040361999e-05,0.04343181006020652,True,A15-950-8-70000,15,950.0,8.0,70000.0,14.0,-0.07957557726704613
coupled_ridge_attractor,Tmax_K,Tmax,333.57519247901257,0.10396356753117038,300.87167115450455,0.08974903436015488,True,A15-950-8-70000,15,950.0,8.0,70000.0,14.0,-3.6199263567753484
coupled_ridge_attractor,Gmean_K_per_m,Gmean,380037.86912210356,0.20150586663218775,45334.88998999659,0.038172025566550465,True,A15-950-8-70000,15,950.0,8.0,70000.0,14.0,0.5078318269700591
coupled_ridge_attractor,Umax_m_per_s,Umax,0.14675628178962996,0.25521305323976645,0.0810328985256521,0.13167565376963655,True,A15-950-8-70000,15,950.0,8.0,70000.0,14.0,0.23248974383449103
