time_s,split,front_length_m_actual,front_length_m_predicted,front_length_m_residual,rear_length_m_actual,rear_length_m_predicted,rear_length_m_residual,full_width_m_actual,full_width_m_predicted,full_width_m_residual,height_span_m_actual,height_span_m_predicted,height_span_m_residual,Tmax_K_actual,Tmax_K_predicted,Tmax_K_residual,Gmean_K_per_m_actual,Gmean_K_per_m_predicted,Gmean_K_per_m_residual,Umax_m_per_s_actual,Umax_m_per_s_predicted,Umax_m_per_s_residual,case_id,case_index,power_W,scan_speed_mm_s,scan_speed_m_s,particle_rate,powder_feed_g_min
0.05,train,0.0005844400000000001,0.0005844400000000001,0.0,0.00075,0.00075,0.0,0.00133876,0.00133876,0.0,0.00091101,0.00091101,0.0,3640.8,3640.8,0.0,2620667.721382289,2620667.721382289,0.0,0.42380360929888267,0.42380360929888267,0.0,A1-750-8-60000,1,750.0,8.0,0.008,60000.0,12.0
0.1,train,0.0008,0.0007758580237235862,-2.4141976276413862e-05,0.0008833290000000001,0.0009059235247401011,2.2594524740101002e-05,0.00156736,0.0015481187857711996,-1.9241214228800417e-05,0.001225,0.0012465247622521036,2.1524762252103646e-05,4213.3,3538.4822630029535,-674.8177369970467,2102209.438430311,2078846.3736491902,-23363.06478112098,0.7481672844685205,0.6469939424516307,-0.10117334201688988,A1-750-8-60000,1,750.0,8.0,0.008,60000.0,12.0
0.15,train,0.0009005,0.000894500895240985,-5.9991047590150694e-06,0.0010093099999999998,0.0010078447880973273,-1.4652119026724655e-06,0.00155596,0.0016180689952205996,6.210899522059968e-05,0.00137609,0.0013548479324321625,-2.1242067567837485e-05,3558.8,3442.4418600857125,-116.35813991428768,1655892.9216539718,1728422.3439807321,72529.42232676037,0.8927805354962662,0.6484977870871221,-0.2442827484091441,A1-750-8-60000,1,750.0,8.0,0.008,60000.0,12.0
0.2,train,0.0009500000000000001,0.0009680369744882581,1.803697448825802e-05,0.0010818300000000002,0.0010744668320874697,-7.363167912530482e-06,0.0017,0.0016414405092652134,-5.8559490734786486e-05,0.00140298,0.001389820787632618,-1.3159212367382144e-05,3745.9,3352.293668157149,-393.606331842851,1589489.1927083333,1501784.9088135036,-87704.28389482968,0.6129727325909367,0.648507919912571,0.0355351873216343,A1-750-8-60000,1,750.0,8.0,0.008,60000.0,12.0
0.3,train,0.0009500000000000003,0.0010418653751695644,9.186537516956404e-05,0.0011499999999999998,0.0011464809791192077,-3.519020880792109e-06,0.00170302,0.001651858366644705,-5.116163335529495e-05,0.00146445,0.0014047574512619455,-5.969254873805442e-05,2894.9,3188.2501144617286,293.3501144617285,1214942.1343873518,1260406.9511686377,45464.81678128592,0.4869237136348979,0.6485079886470413,0.1615842750121434,A1-750-8-60000,1,750.0,8.0,0.008,60000.0,12.0
0.4,train,0.0010745999999999998,0.0010702276527523678,-4.372347247632007e-06,0.0011969000000000003,0.0011772507406382477,-1.9649259361752616e-05,0.00160766,0.001653021351513779,4.536135151377908e-05,0.00147723,0.0014063143954952781,-7.091560450472184e-05,2672.4,3043.7176981163093,371.3176981163092,1128888.2542204568,1159441.41805442,30553.16383396322,0.7336390652255372,0.6485079886501619,-0.08513107657537533,A1-750-8-60000,1,750.0,8.0,0.008,60000.0,12.0
0.5,train,0.0014806999999999997,0.001081123443291789,-0.0003995765567082108,0.0011883000000000002,0.0011903978549617892,2.097854961789032e-06,0.00157786,0.0016531511799186443,7.529117991864434e-05,0.0013050499999999999,0.0014064766857768206,0.0001014266857768207,3013.6,2916.3757885803125,-97.22421141968744,1195694.1870503598,1117208.7346043575,-78485.45244600228,0.5427410284297659,0.648507988650162,0.10576696022039611,A1-750-8-60000,1,750.0,8.0,0.008,60000.0,12.0
0.6,train,0.0008885000000000004,0.001085309223193715,0.00019680922319371464,0.0011877999999999997,0.0011960152730535517,8.215273053551993e-06,0.0017,0.001653165673155107,-4.6834326844892886e-05,0.00138917,0.0014064936023335728,1.7323602333572854e-05,2670.2,2804.179768238971,133.97976823897125,1055141.6237006236,1099543.304666247,44401.68096562335,0.5117913781258923,0.648507988650162,0.13671661052426975,A1-750-8-60000,1,750.0,8.0,0.008,60000.0,12.0
0.7,train,0.0009684000000000003,0.0010869172527647661,0.00011851725276476577,0.0011885000000000003,0.0011984154488823384,9.915448882338081e-06,0.001662,0.0016531672910899756,-8.8327089100245e-06,0.0013777,0.0014064953656547626,2.8795365654762624e-05,2908.9,2705.328203767367,-203.571796232633,1098666.6245954693,1092154.065115147,-6512.559480322292,0.6582166341175221,0.648507988650162,-0.009708645467360055,A1-750-8-60000,1,750.0,8.0,0.008,60000.0,12.0
0.8,validation,0.0008752999999999999,0.0010875350012278862,0.00021223500122788635,0.0012500000000000002,0.0011994409812381265,-5.0559018761873716e-05,0.00165546,0.0016531674717061716,-2.292528293828481e-06,0.0013952600000000002,0.0014064955494570376,1.1235549457037442e-05,2941.6,2618.2339220918243,-323.3660779081756,1111846.1995841996,1089063.2339644288,-22782.96561977081,0.5314217369737148,0.648507988650162,0.11708625167644726,A1-750-8-60000,1,750.0,8.0,0.008,60000.0,12.0
0.9,validation,0.001291699999999999,0.0010877723184828409,-0.00020392768151715804,0.0012515000000000009,0.001199879164391275,-5.162083560872593e-05,0.00164228,0.0016531674918690415,1.088749186904138e-05,0.00146304,0.0014064955686159274,-5.654443138407273e-05,2898.8,2541.498526540672,-357.301473459328,1177140.532388664,1087770.3760003333,-89370.15638833074,0.9048788361300092,0.648507988650162,-0.2563708474798472,A1-750-8-60000,1,750.0,8.0,0.008,60000.0,12.0
1.0,validation,0.0009499999999999995,0.0010878634874340587,0.00013786348743405927,0.0012500000000000002,0.0012000663885920711,-4.993361140792911e-05,0.00162488,0.001653167494119899,2.8287494119898964e-05,0.00145708,0.0014064955706129814,-5.0584429387018565e-05,2873.0,2473.889944012512,-399.11005598748807,1090590.7101604277,1087229.5888677405,-3361.121292687254,0.5521583840031771,0.648507988650162,0.09634960464698494,A1-750-8-60000,1,750.0,8.0,0.008,60000.0,12.0
0.05,train,0.00075,0.00075,0.0,0.0006763299999999999,0.0006763299999999999,0.0,0.0013,0.0013,0.0,0.00083875,0.00083875,0.0,4269.9,4269.9,0.0,2677022.4764150945,2677022.4764150945,0.0,0.562152873869733,0.562152873869733,0.0,A2-550-8-60000,2,550.0,8.0,0.008,60000.0,12.0
0.1,train,0.0011870000000000001,0.0008418141488445751,-0.00034518585115542503,0.0008500000000000001,0.0008758555219828308,2.585552198283074e-05,0.00130502,0.0013314345507588884,2.641455075888836e-05,0.00098067,0.0010117791042509746,3.110910425097469e-05,3481.8,3348.8620718144093,-132.93792818559086,1879154.6801872074,1814369.4598347223,-64785.22035248508,0.5052027261812826,0.5410226952436237,0.035819969062341084,A2-550-8-60000,2,550.0,8.0,0.008,60000.0,12.0
0.15,train,0.0009599000000000003,0.000842432787713256,-0.00011746721228674429,0.0009645499999999999,0.000981415026567176,1.6865026567176107e-05,0.00139168,0.0013583616465553377,-3.331835344466227e-05,0.00112301,0.0010765030192575206,-4.6506980742479394e-05,2853.5,2893.5359778238635,40.035977823863504,1414423.8312586446,1391843.31553086,-22580.515727784485,0.4704857214624053,0.5408803212199594,0.07039459975755413,A2-550-8-60000,2,550.0,8.0,0.008,60000.0,12.0
0.2,train,0.0008707000000000001,0.0008424369560691647,-2.8263043930835366e-05,0.00099052,0.0010372615613731405,4.6741561373140565e-05,0.00141382,0.0013814276192041168,-3.2392380795883335e-05,0.0010987,0.0011007138893993338,2.01388939933384e-06,2487.8,2668.440088149587,180.64008814958697,1083672.6805555555,1184890.648364646,101217.96780909039,0.4258421436976383,0.5408793619113339,0.11503721821369561,A2-550-8-60000,2,550.0,8.0,0.008,60000.0,12.0
0.3,train,0.0007050000000000003,0.000842436984344569,0.00013743698434456864,0.0012526999999999998,0.0010824385788650655,-0.00017026142113493433,0.00139684,0.0014181114184488094,2.1271418448809247e-05,0.00107608,0.0011131579723970349,3.70779723970348e-05,2575.3,2502.149225330627,-73.15077466937328,972914.5238095238,1033877.069956538,60962.54614701425,0.42425212869614454,0.5408793554040107,0.11662722670786613,A2-550-8-60000,2,550.0,8.0,0.008,60000.0,12.0
0.4,train,0.00065,0.0008424369843458527,0.0001924369843458527,0.0012361,0.00109508347689475,-0.00014101652310524997,0.00144442,0.0014450291726270563,6.091726270562522e-07,0.00115225,0.001114899194365417,-3.735080563458315e-05,2581.3,2461.5087820161207,-119.7912179838795,1000998.2055393585,997648.5258847162,-3349.6796546423575,0.7822958993245458,0.5408793554037152,-0.24141654392083056,A2-550-8-60000,2,550.0,8.0,0.008,60000.0,12.0
0.5,train,0.0008107000000000001,0.0008424369843458528,3.173698434585264e-05,0.0010565000000000001,0.0010986227421021023,4.2122742102102114e-05,0.0014182,0.001464780820627511,4.658082062751088e-05,0.00114999,0.0011151428325622801,-3.48471674377199e-05,2634.9,2451.576512709191,-183.32348729080923,1085156.3309037902,988957.2054127455,-96199.12549104472,0.5424746100049291,0.5408793554037152,-0.0015952546012139024,A2-550-8-60000,2,550.0,8.0,0.008,60000.0,12.0
0.6,train,0.0008610000000000007,0.0008424369843458528,-1.8563015654147878e-05,0.0009528999999999996,0.0010996133707476294,0.00014671337074762978,0.0015,0.0014792741396522143,-2.072586034778572e-05,0.00103198,0.001115176923316962,8.319692331696196e-05,2421.2,2449.1491284205417,27.94912842054191,1034522.4857571215,986872.1353807634,-47650.35037635802,0.7111317229346473,0.5408793554037152,-0.1702523675309321,A2-550-8-60000,2,550.0,8.0,0.008,60000.0,12.0
0.7,train,0.0006969000000000003,0.0008424369843458528,0.00014553698434585248,0.0010499999999999997,0.0010998906444346366,4.9890644434636864e-05,0.0015047,0.001489909014086337,-1.4790985913663195e-05,0.00114441,0.0011151816934210333,-2.9228306578966707e-05,2225.4,2448.5558909334477,223.1558909334476,937717.0883280757,986371.9217420775,48654.83341400174,0.46524961837706,0.5408793554037152,0.07562973702665521,A2-550-8-60000,2,550.0,8.0,0.008,60000.0,12.0
0.8,validation,0.0007082999999999994,0.0008424369843458528,0.0001341369843458534,0.0012231000000000004,0.0010999682524241226,-0.00012313174757587779,0.00140898,0.0014977126478873165,8.87326478873165e-05,0.001095188,0.0011151823608715802,1.999436087158019e-05,2738.9,2448.4109074144644,-290.4890925855357,1096722.411851852,986251.9192095536,-110470.49264229834,0.48025738452313255,0.5408793554037152,0.06062197088058269,A2-550-8-60000,2,550.0,8.0,0.008,60000.0,12.0
0.9,validation,0.000797,0.0008424369843458528,4.543698434585281e-05,0.0010811000000000006,0.0010999899746441321,1.8889974644131476e-05,0.00150174,0.001503438780422027,1.6987804220269798e-06,0.001104,0.0011151824542637212,1.1182454263721246e-05,2483.2,2448.375474352269,-34.82452564773075,1059671.2093373493,986223.1302947813,-73448.07904256799,0.4709289057214475,0.5408793554037152,0.06995044968226771,A2-550-8-60000,2,550.0,8.0,0.008,60000.0,12.0
1.0,validation,0.0008500000000000001,0.0008424369843458528,-7.563015654147285e-06,0.0010729,0.00109999605462179,2.7096054621790055e-05,0.0015,0.0015076404888365038,7.640488836503775e-06,0.00115353,0.0011151824673314938,-3.83475326685063e-05,2592.2,2448.3668147342287,-143.83318526577114,994067.2912087912,986216.2237604245,-7851.067448366666,0.4397621809506702,0.5408793554037152,0.10111717445304502,A2-550-8-60000,2,550.0,8.0,0.008,60000.0,12.0
0.05,train,0.00016247,0.00016247000000000006,5.421010862427522e-20,0.00046490500000000005,0.00046490500000000005,0.0,0.00074674,0.00074674,0.0,9.947967000000001e-05,9.94796699999999e-05,-1.0842021724855044e-19,2043.9,2043.9,0.0,5095809.7,5095809.7,0.0,0.05144092850678339,0.05144092850678339,0.0,A3-950-8-60000,3,950.0,8.0,0.008,60000.0,12.0
0.1,train,0.0006904,0.0006284165458348926,-6.198345416510737e-05,0.0008500000000000001,0.000747431924221172,-0.00010256807577882802,0.00150448,0.0014813280505938395,-2.3151949406160577e-05,0.0009642699999999999,0.0009343628745901593,-2.990712540984063e-05,5477.5,3625.49853241687,-1852.0014675831299,3134217.988929889,2986642.47099573,-147575.51793415938,0.8740667469272585,0.6570410154760193,-0.21702573145123916,A3-950-8-60000,3,950.0,8.0,0.008,60000.0,12.0
0.15,train,0.00075,0.0008556838533005395,0.00010568385330053946,0.00098508,0.0009371922972707886,-4.788770272921134e-05,0.0015635,0.0016355360837363758,7.203608373637584e-05,0.0014117,0.001327370280675976,-8.432971932402413e-05,3699.4,3636.1552595021312,-63.24474049786886,1788244.0532544379,2049390.2603558998,261146.20710146194,0.47829824578629804,0.6611215167646605,0.18282327097836243,A3-950-8-60000,3,950.0,8.0,0.008,60000.0,12.0
0.2,train,0.0009728999999999998,0.0009665343993650813,-6.365600634918576e-06,0.00100383,0.0010646456339012491,6.081563390124907e-05,0.0017201,0.0016679081288117972,-5.2191871188202784e-05,0.0013246199999999999,0.0015123719915609414,0.00018775199156094153,3046.4,3636.2270639644157,589.8270639644156,1725742.8060165974,1632902.7982574308,-92840.00775916665,0.44546000716225914,0.661149010966073,0.2156890038038139,A3-950-8-60000,3,950.0,8.0,0.008,60000.0,12.0
0.3,train,0.0011500000000000004,0.0010469739884832574,-0.00010302601151674306,0.0011499999999999998,0.0012077468474762146,5.774684747621487e-05,0.0017,0.0016761303952880415,-2.386960471195839e-05,0.00168489,0.0016404529913448518,-4.443700865514825e-05,3702.6,3636.227551038994,-66.37244896100583,1503280.3443983402,1365586.1090506862,-137694.23534765397,0.6124993768160095,0.6611491974687798,0.04864982065277024,A3-950-8-60000,3,950.0,8.0,0.008,60000.0,12.0
0.4,train,0.0011956999999999996,0.0010661108883243753,-0.0001295891116756243,0.0012150000000000004,0.0012723025608698153,5.730256086981496e-05,0.00161096,0.001676492736576844,6.553273657684388e-05,0.00170426,0.0016688344511246208,-3.542554887537913e-05,3484.6,3636.2275510611075,151.62755106110762,1385809.3203883495,1312800.3232991965,-73008.99708915292,0.6872223415052803,0.661149197477247,-0.02607314402803329,A3-950-8-60000,3,950.0,8.0,0.008,60000.0,12.0
0.5,train,0.0009094999999999997,0.0010706636333041011,0.0001611636333041014,0.0012942000000000001,0.0013014248864437598,7.224886443759661e-06,0.0017,0.0016765087043407144,-2.3491295659285516e-05,0.0017703200000000001,0.001675123496811254,-9.519650318874618e-05,3396.1,3636.2275510611084,240.12755106110853,1220497.9390243902,1302376.9592149318,81879.02019054163,1.0130047051223405,0.6611491974772473,-0.3518555076450932,A3-950-8-60000,3,950.0,8.0,0.008,60000.0,12.0
0.6,train,0.0010561000000000008,0.0010717467495362236,1.564674953622282e-05,0.0013499999999999996,0.0013145625283696393,-3.543747163036034e-05,0.0016393,0.00167650940801289,3.720940801289004e-05,0.00166964,0.0016765170860048848,6.877086004884823e-06,3073.3,3636.2275510611084,562.9275510611083,1269620.4869771113,1300318.7058937699,30698.218916658545,0.5786510124418689,0.6611491974772473,0.08249818503537842,A3-950-8-60000,3,950.0,8.0,0.008,60000.0,12.0
0.7,train,0.0010628,0.0010720044272180423,9.204427218042262e-06,0.0013788999999999997,0.001320489171656913,-5.841082834308667e-05,0.00173076,0.001676509439022525,-5.425056097747502e-05,0.00159665,0.0016768258913367866,8.017589133678654e-05,3211.6,3636.2275510611084,424.62755106110853,1247249.2265688672,1299912.272164714,52663.04559584684,0.5973090364958579,0.6611491974772473,0.06384016098138945,A3-950-8-60000,3,950.0,8.0,0.008,60000.0,12.0
0.8,validation,0.000915,0.0010720657297687182,0.00015706572976871818,0.001451,0.0013231627945835204,-0.00012783720541647962,0.0017099,0.0016765094403890669,-3.3390559610933226e-05,0.0016835,0.0016768943194886742,-6.605680511325915e-06,2855.8,3636.2275510611084,780.4275510611083,1088292.3400321542,1299832.0155828756,211539.67555072135,0.653091674802244,0.6611491974772473,0.00805752267500337,A3-950-8-60000,3,950.0,8.0,0.008,60000.0,12.0
0.9,validation,0.0010726999999999985,0.0010720803138906058,-6.196861093927045e-07,0.0014500000000000008,0.0013243689173763381,-0.00012563108262366265,0.0017319,0.001676509440449288,-5.539055955071197e-05,0.0016539200000000001,0.0016769094824780628,2.2989482478062663e-05,3400.4,3636.2275510611084,235.82755106110835,1229369.0153970825,1299816.1676882056,70447.15229112306,0.5098099974877013,0.6611491974772473,0.15133919998954604,A3-950-8-60000,3,950.0,8.0,0.008,60000.0,12.0
1.0,validation,0.0009694000000000005,0.0010720837835115086,0.00010268378351150818,0.0013947000000000005,0.0013249130225965907,-6.97869774034098e-05,0.0017106,0.001676509440451942,-3.4090559548058137e-05,0.00161651,0.0016769128424438205,6.0402842443820414e-05,3303.6,3636.2275510611084,332.62755106110853,1277654.0534979424,1299813.03827801,22158.984780067578,0.674857623354734,0.6611491974772473,-0.013708425877486663,A3-950-8-60000,3,950.0,8.0,0.008,60000.0,12.0
0.05,train,0.00057683,0.00057683,0.0,0.00075,0.00075,0.0,0.00135,0.00135,0.0,0.00101928,0.00101928,0.0,4039.2,4039.2,0.0,2915686.7864693445,2915686.7864693445,0.0,0.5830188234525537,0.5830188234525537,0.0,A4-750-6-60000,4,750.0,6.0,0.006,60000.0,12.0
0.1,train,0.0008682,0.0008741130671989421,5.913067198942126e-06,0.0008711700000000001,0.0008736994280680839,2.5294280680838305e-06,0.00152366,0.001501022053321707,-2.2637946678293096e-05,0.00129544,0.0013126559188942062,1.721591889420628e-05,4373.1,3646.5750279764134,-726.524972023587,2260081.1901595746,2154030.8639163617,-106050.32624321291,0.4926498188663018,0.5215667040788186,0.02891688521251673,A4-750-6-60000,4,750.0,6.0,0.006,60000.0,12.0
0.15,train,0.0009500000000000001,0.0008857276614862018,-6.427233851379836e-05,0.000952314,0.000960544554452171,8.230554452171046e-06,0.00156174,0.0015752942216503167,1.355422165031663e-05,0.00140411,0.00135920405059252,-4.490594940748018e-05,3376.0,3358.0988902448207,-17.901109755179277,1621411.4829106946,1688333.8134697615,66922.33055906696,0.40621867421500946,0.5211526429554962,0.11493396874048678,A4-750-6-60000,4,750.0,6.0,0.006,60000.0,12.0
0.2,train,0.001075,0.0008861814337165837,-0.0001888185662834163,0.0009787700000000001,0.0010215155394798217,4.274553947982156e-05,0.00157886,0.0016118210392037928,3.2961039203792744e-05,0.00140268,0.0013665895530317468,-3.6090446968253115e-05,3237.6,3146.144766156305,-91.45523384369471,1506810.2777777778,1403594.0295687479,-103216.2482090299,0.4800998047281419,0.521149853033593,0.04105004830545106,A4-750-6-60000,4,750.0,6.0,0.006,60000.0,12.0
0.3,train,0.0009837000000000001,0.0008861998548451174,-9.750014515488273e-05,0.00110298,0.0010943735474470868,-8.606452552913091e-06,0.00171362,0.0016386193395407902,-7.500066045920965e-05,0.00144999,0.0013679472888267655,-8.20427111732345e-05,2464.6,2875.9931829169805,411.39318291698055,1001900.072402938,1123048.42397919,121148.35157625191,0.5133634214822868,0.5211498341085847,0.007786412626297978,A4-750-6-60000,4,750.0,6.0,0.006,60000.0,12.0
0.4,train,0.0008499999999999996,0.0008861998829630881,3.619988296308849e-05,0.0011968000000000003,0.0011302849868312008,-6.651501316879945e-05,0.00158256,0.0016451008871401175,6.254088714011748e-05,0.001111116,0.0013679814687317274,0.00025686546873172726,2378.0,2730.154924332712,352.1549243327122,859095.3806366047,1018168.3951569984,159073.01452039368,0.6342670741958785,0.5211498341077255,-0.11311724008815294,A4-750-6-60000,4,750.0,6.0,0.006,60000.0,12.0
0.5,train,0.0007499999999999998,0.0008861998830060073,0.00013619988300600755,0.0012055,0.001147985600869651,-5.751439913034904e-05,0.00158214,0.0016466685410119694,6.452854101196949e-05,0.00132964,0.0013679823291833024,3.834232918330238e-05,2517.8,2651.4257996988213,133.62579969882108,948178.4026845638,978959.7238159239,30781.321131360135,0.5426760538295383,0.5211498341077255,-0.02152621972181279,A4-750-6-60000,4,750.0,6.0,0.006,60000.0,12.0
0.6,train,0.0006500000000000004,0.0008861998830060728,0.00023619988300607243,0.0011384999999999998,0.0011567101672671977,1.821016726719798e-05,0.0017459,0.001647047700251992,-9.885229974800807e-05,0.00141618,0.0013679823508444776,-4.8197649155522345e-05,2733.2,2608.9247774993737,-124.27522250062611,977139.4145728643,964301.8339812567,-12837.580591607606,0.6390700535935008,0.5211498341077255,-0.11792021948577525,A4-750-6-60000,4,750.0,6.0,0.006,60000.0,12.0
0.7,train,0.0009500000000000003,0.0008861998830060729,-6.380011699392738e-05,0.0010877999999999999,0.0011610104733842544,7.321047338425452e-05,0.00162982,0.0016471394052717519,1.7319405271751936e-05,0.00146772,0.0013679823513897803,-9.97376486102197e-05,2976.9,2585.9810842168963,-390.9189157831038,1162655.2979189486,958822.0835317647,-203833.2143871839,0.46107339819707666,0.5211498341077255,0.06007643591064887,A4-750-6-60000,4,750.0,6.0,0.006,60000.0,12.0
0.8,validation,0.0009852999999999997,0.0008861998830060729,-9.910011699392678e-05,0.0010756000000000003,0.0011631300781712148,8.753007817121445e-05,0.00164436,0.0016471615854265823,2.8015854265821868e-06,0.00142388,0.0013679823514035079,-5.589764859649212e-05,2635.5,2573.5951924383394,-61.90480756166062,1082930.7700892857,956773.5168330512,-126157.25325623446,0.5216796328207571,0.5211498341077255,-0.000529798713031604,A4-750-6-60000,4,750.0,6.0,0.006,60000.0,12.0
0.9,validation,0.0006499999999999995,0.0008861998830060729,0.0002361998830060734,0.001079,0.001164174823435996,8.517482343599597e-05,0.0017,0.001647166950010436,-5.283304998956388e-05,0.0013122799999999999,0.0013679823514038535,5.570235140385364e-05,2266.7,2566.9088096811533,300.2088096811535,807426.3162162162,956007.6743813268,148581.35816511058,0.6489384909989544,0.5211498341077255,-0.12778865689122887,A4-750-6-60000,4,750.0,6.0,0.006,60000.0,12.0
1.0,validation,0.0008024,0.0008861998830060729,8.379988300607295e-05,0.0011653000000000002,0.0011646897744660174,-6.102255339828291e-07,0.0019,0.0016471682475108433,-0.0002528317524891567,0.0013393799999999998,0.0013679823514038622,2.8602351403862357e-05,2715.3,2563.2992420234577,-152.00075797654245,1120273.641025641,955721.3694925322,-164552.27153310878,0.5170894281108442,0.5211498341077255,0.004060405996881289,A4-750-6-60000,4,750.0,6.0,0.006,60000.0,12.0
0.05,train,0.0005851999999999999,0.0005851999999999999,0.0,0.0007758999999999999,0.0007758999999999999,0.0,0.00131716,0.00131716,0.0,0.00091814,0.00091814,0.0,3538.1,3538.1,0.0,2519502.89010989,2519502.89010989,0.0,0.43590903971356226,0.43590903971356226,0.0,A5-750-10-60000,5,750.0,10.0,0.01,60000.0,12.0
0.1,train,0.0007723000000000001,0.0007834398805344333,1.1139880534433199e-05,0.000972402,0.000966625616551261,-5.776383448738995e-06,0.00152998,0.0014670330879646713,-6.294691203532869e-05,0.00118569,0.0012025791892559153,1.688918925591516e-05,3946.2,3409.5566383668743,-536.6433616331256,2049207.549800797,1952475.7430363488,-96731.80676444806,0.5500238428468351,0.5550190041478178,0.004995161300982653,A5-750-10-60000,5,750.0,10.0,0.01,60000.0,12.0
0.15,train,0.0009028999999999999,0.0008614987616747149,-4.140123832528501e-05,0.0010818400000000001,0.0010965072659923588,1.4667265992358673e-05,0.0015262,0.001550610121548842,2.4410121548842055e-05,0.00135,0.0013400835334459983,-9.916466554001817e-06,3452.9,3320.870919378308,-132.02908062169217,1582472.7097130243,1636825.4619946573,54352.75228163297,0.6143738986290352,0.5612406656890263,-0.053133232940008934,A5-750-10-60000,5,750.0,10.0,0.01,60000.0,12.0
0.2,train,0.0008072000000000001,0.0008922352053632706,8.503520536327046e-05,0.00117989,0.0011849549699063544,5.064969906354386e-06,0.0015695,0.0015972170250135663,2.7717025013566324e-05,0.00143553,0.0014065562467194615,-2.8973753280538486e-05,2989.1,3259.6841209890854,270.5841209890855,1436226.7910702114,1461110.5946626053,24883.803592393873,0.4943940579386043,0.5615656517010464,0.06717159376244214,A5-750-10-60000,5,750.0,10.0,0.01,60000.0,12.0
0.3,train,0.0010683000000000003,0.0009091035638699678,-0.0001591964361300325,0.0012928,0.0012862037185037687,-6.596281496231262e-06,0.00158666,0.001637701079016149,5.1041079016149026e-05,0.0014037099999999999,0.0014542251649532982,5.051516495329831e-05,3096.9,3188.3446182067273,91.44461820672723,1301714.3398628796,1308842.467283356,7128.127420476405,0.6313067046602626,0.5615835139251729,-0.0697231907350897,A5-750-10-60000,5,750.0,10.0,0.01,60000.0,12.0
0.4,train,0.0008897999999999996,0.0009117189475655276,2.1918947565527998e-05,0.00135,0.0013331571351424812,-1.684286485751892e-05,0.0017,0.0016502906401066886,-4.970935989331133e-05,0.0014737,0.0014653652695995783,-8.334730400421817e-06,2823.9,3154.3869270550854,330.4869270550853,1213029.1961722488,1261656.41289525,48627.2167230011,0.4846143913721507,0.5615835626614227,0.07696917128927205,A5-750-10-60000,5,750.0,10.0,0.01,60000.0,12.0
0.5,train,0.0008104999999999996,0.0009121244542348507,0.00010162445423485115,0.0013717,0.0013549314618831953,-1.676853811680471e-05,0.0017,0.0016542056889415292,-4.579431105847069e-05,0.00146906,0.001467968683650665,-1.091316349334905e-06,3100.0,3138.22302426103,38.22302426102988,1255631.7153772684,1247034.0243032384,-8597.691074030008,0.5610527683738848,0.5615835627943974,0.0005307944205125148,A5-750-10-60000,5,750.0,10.0,0.01,60000.0,12.0
0.6,train,0.0009750000000000002,0.0009121873267147645,-6.28126732852357e-05,0.0013563999999999998,0.001365029157406815,8.629157406815245e-06,0.0017,0.0016554231743859346,-4.457682561406534e-05,0.00146431,0.0014685770948762867,4.267094876286804e-06,2983.6,3130.528986631412,146.92898663141204,1194808.1534795044,1242502.7226102178,47694.56913071335,0.5331679878387299,0.5615835627947602,0.02841557495603031,A5-750-10-60000,5,750.0,10.0,0.01,60000.0,12.0
0.7,train,0.0008668000000000009,0.0009121970748866923,4.539707488669144e-05,0.0013499999999999996,0.0013697118948389248,1.9711894838925128e-05,0.001577,0.001655801782896293,7.880178289629302e-05,0.0014882200000000002,0.0014687192790284033,-1.9500720971596863e-05,3641.5,3126.8666152474566,-514.6333847525434,1350003.1973434535,1241098.5269205759,-108904.67042287765,0.6166839424697225,0.5615835627947612,-0.055100379674961286,A5-750-10-60000,5,750.0,10.0,0.01,60000.0,12.0
0.8,validation,0.0009108999999999992,0.0009121985863087973,1.2985863087981156e-06,0.0013889000000000002,0.0013718834823864786,-1.7016517613521612e-05,0.00159124,0.0016559195209807807,6.467952098078065e-05,0.00139567,0.0014687525071022155,7.308250710221561e-05,3042.4,3125.1233219598885,82.72332195988838,1263232.1172545282,1240663.3836287826,-22568.733625745634,0.6889024465771624,0.5615835627947612,-0.1273188837824012,A5-750-10-60000,5,750.0,10.0,0.01,60000.0,12.0
0.9,validation,0.0007582999999999982,0.0009121988206498406,0.00015389882064984243,0.0013500000000000014,0.001372890541301282,2.2890541301280728e-05,0.00162002,0.0016559561346758233,3.593613467582331e-05,0.0013739899999999998,0.0014687602724183413,9.477027241834145e-05,3213.6,3124.293512208809,-89.3064877911911,1258762.0651955868,1240528.5379760084,-18233.52721957839,0.5679450073730731,0.5615835627947612,-0.006361444578311892,A5-750-10-60000,5,750.0,10.0,0.01,60000.0,12.0
1.0,validation,-0.0003037000000000005,0.0009121988569836513,0.0012158988569836518,0.0015262999999999995,0.001373357558004812,-0.0001529424419951875,0.0011568,0.001655967520648939,0.0004991675206489391,0.00074855,0.00146876208715292,0.0007202120871529201,1983.1,3123.898521745702,1140.7985217457021,657585.5621118012,1240486.750936164,582901.1888243628,0.2732872357502268,0.5615835627947612,0.2882963270445344,A5-750-10-60000,5,750.0,10.0,0.01,60000.0,12.0
0.05,train,0.00065,0.00065,0.0,0.00069165,0.00069165,0.0,0.0013,0.0013,0.0,0.00077602,0.00077602,0.0,3843.6,3843.6,0.0,2910736.966292135,2910736.966292135,0.0,0.47024608969985066,0.47024608969985066,0.0,A6-750-8-40000,6,750.0,8.0,0.008,40000.0,8.0
0.1,train,0.0007675999999999999,0.0007456617940370412,-2.1938205962958703e-05,0.0008500000000000001,0.0008230001919075579,-2.6999808092442127e-05,0.00137452,0.0013765392122843001,2.019212284300187e-06,0.0010411,0.0010362051445076612,-4.8948554923389405e-06,3165.0,3190.130629046787,25.130629046786908,1989770.2086811352,2067484.8672080324,77714.6585268972,0.6667971051226903,0.5303553930559671,-0.13644171206672318,A6-750-8-40000,6,750.0,8.0,0.008,40000.0,8.0
0.15,train,0.0007909,0.0007948191490761186,3.9191490761186516e-06,0.0008996299999999999,0.00090847799998307,8.847999983070069e-06,0.00140188,0.0014294883282360722,2.760832823607215e-05,0.0011225,0.001170644034627659,4.8144034627658995e-05,3123.4,3073.418799418482,-49.981200581517896,1743166.0788690476,1700364.6183618312,-42801.4605072164,0.41430612121454347,0.5307604063561754,0.11645428514163192,A6-750-8-40000,6,750.0,8.0,0.008,40000.0,8.0
0.2,train,0.0007747999999999998,0.00082007944843348,4.52794484334803e-05,0.0009725700000000001,0.0009641037708120632,-8.466229187936909e-06,0.0015,0.0014661180347146335,-3.388196528536654e-05,0.00129313,0.0012401092426082966,-5.302075739170337e-05,3121.0,3052.573673723736,-68.42632627626381,1570385.4442970823,1540534.269573746,-29851.17472333624,0.470291161303293,0.5307631353143264,0.06047197401103338,A6-750-8-40000,6,750.0,8.0,0.008,40000.0,8.0
0.3,train,0.0008856000000000003,0.0008397300544716526,-4.5869945528347706e-05,0.0009886999999999997,0.0010238600241475495,3.5160024147549854e-05,0.0015,0.0015089881646047905,8.98816460479044e-06,0.00129926,0.0012945483252448837,-4.711674755116272e-06,3192.7,3048.185722044053,-144.5142779559469,1558031.8424317618,1440655.837126965,-117376.00530479685,0.6326343421756362,0.5307631538257963,-0.10187118834983988,A6-750-8-40000,6,750.0,8.0,0.008,40000.0,8.0
0.4,train,0.0008724999999999996,0.000844918961872716,-2.7581038127283603e-05,0.0010500000000000002,0.0010491663263718996,-8.336736281005629e-07,0.00153188,0.0015295047106693277,-2.375289330672258e-06,0.00129952,0.0013090826761771074,9.56267617710743e-06,3019.3,3048.045750060099,28.745750060099,1497645.268292683,1421724.8380678282,-75920.43022485473,0.5550377945689825,0.5307631538266367,-0.024274640742345754,A6-750-8-40000,6,750.0,8.0,0.008,40000.0,8.0
0.5,train,0.0007977000000000001,0.0008462891364090385,4.8589136409038394e-05,0.0010776000000000002,0.0010598833458723479,-1.7716654127652304e-05,0.00154164,0.0015393234040928557,-2.316595907144196e-06,0.00137425,0.0013129631118271939,-6.128688817280616e-05,2909.9,3048.0412850710286,138.1412850710285,1316328.2882352942,1418136.6487400872,101808.360504793,0.5400361881392765,0.5307631538266367,-0.009273034312639705,A6-750-8-40000,6,750.0,8.0,0.008,40000.0,8.0
0.6,train,0.0008983000000000003,0.0008466509424916837,-5.164905750831665e-05,0.0010581999999999996,0.001064421919147683,6.22191914768336e-06,0.00154122,0.0015440223792635291,2.802379263529102e-06,0.00126593,0.0013139991251245667,4.806912512456672e-05,2988.1,3048.0411426416163,59.94114264161635,1423570.1808634773,1417456.5418629227,-6113.639000554569,0.4849974030905206,0.5307631538266367,0.04576575073611616,A6-750-8-40000,6,750.0,8.0,0.008,40000.0,8.0
0.7,train,0.0008034000000000001,0.0008467464804235083,4.334648042350815e-05,0.0010749999999999996,0.0010663439691518586,-8.656030848140997e-06,0.0015445,0.0015462711884178808,1.7711884178807109e-06,0.00129333,0.001314275723849328,2.0945723849327995e-05,3034.6,3048.0411380982373,13.441138098237388,1303531.8430439953,1417327.6341264246,113795.79108242923,0.48250862964718055,0.5307631538266367,0.04825452417945619,A6-750-8-40000,6,750.0,8.0,0.008,40000.0,8.0
0.8,validation,0.0010872999999999994,0.0008467717080160092,-0.0002405282919839902,0.00115,0.0010671579421769562,-8.284205782304373e-05,0.00153496,0.0015473474108768242,1.2387410876824306e-05,0.0013338999999999998,0.0013143495712166675,-1.9550428783332314e-05,3068.2,3048.041137953307,-20.158862046692775,1374873.577331759,1417303.2009011668,42429.62356940773,0.6321570891953994,0.5307631538266367,-0.10139393536876262,A6-750-8-40000,6,750.0,8.0,0.008,40000.0,8.0
0.9,validation,0.0008499999999999992,0.000846778369573479,-3.221630426520207e-06,0.0010883000000000004,0.0010675026533364718,-2.079734666352853e-05,0.00153166,0.0015478624633786754,1.6202463378675374e-05,0.00130927,0.0013143692872644103,5.099287264410338e-06,2965.1,3048.041137948684,82.94113794868417,1377560.1206272617,1417298.569817628,39738.449190366315,0.5190394259292833,0.5307631538266367,0.011723727897353431,A6-750-8-40000,6,750.0,8.0,0.008,40000.0,8.0
1.0,validation,0.0008064000000000005,0.000846780128613622,4.0380128613621506e-05,0.0010734999999999998,0.0010676486357951416,-5.851364204858189e-06,0.00153692,0.0015481089543132015,1.1188954313201462e-05,0.00129958,0.001314374551128954,1.4794551128953937e-05,3059.4,3048.0411379485367,-11.358862051463348,1361628.5534213686,1417297.6920401542,55669.138618785655,0.44952732130539075,0.5307631538266367,0.081235832521246,A6-750-8-40000,6,750.0,8.0,0.008,40000.0,8.0
0.05,train,0.0006505,0.0006505,0.0,0.00075752,0.00075752,0.0,0.00136266,0.00136266,0.0,0.00101452,0.00101452,0.0,4232.9,4232.9,0.0,2861593.9223300973,2861593.9223300973,0.0,0.6888825453449957,0.6888825453449957,0.0,A7-750-8-70000,7,750.0,8.0,0.008,70000.0,14.0
0.1,train,0.0007802999999999999,0.0008489510809817058,6.865108098170591e-05,0.00097945,0.0009664584791537512,-1.2991520846248792e-05,0.0015298,0.0015924733597910757,6.267335979107569e-05,0.0013291800000000001,0.0013401902327646645,1.1010232764664413e-05,3618.0,3844.5216755395013,226.5216755395013,1987424.6196319018,2086086.3249019745,98661.70527007268,0.5361174478600749,0.5976848500410189,0.06156740218094403,A7-750-8-70000,7,750.0,8.0,0.008,70000.0,14.0
0.15,train,0.0009524000000000002,0.0009191924867031822,-3.320751329681797e-05,0.00105,0.001101395999083322,5.139599908332202e-05,0.0017571,0.001673610583875474,-8.348941612452586e-05,0.00141516,0.0014155043809058532,3.443809058532952e-07,3866.1,3544.6245937884905,-321.4754062115094,1670992.2525252525,1630010.9694667691,-40981.28305848339,0.752631975154524,0.5970703648036177,-0.1555616103509062,A7-750-8-70000,7,750.0,8.0,0.008,70000.0,14.0
0.2,train,0.0010096,0.0009440543068218839,-6.554569317811611e-05,0.00115,0.0011885419109253649,3.854191092536488e-05,0.00171474,0.0017022566518765108,-1.2483348123489219e-05,0.00150413,0.0014329214498902691,-7.12085501097309e-05,3398.5,3313.0507546261033,-85.4492453738967,1440415.1594746716,1361793.442617037,-78621.71685763448,0.48455398512446474,0.5970662244346564,0.11251223931019166,A7-750-8-70000,7,750.0,8.0,0.008,70000.0,14.0
0.3,train,0.0012500000000000002,0.0009559687760293593,-0.0002940312239706409,0.0013647999999999998,0.001281170436054552,-8.362956394544784e-05,0.0017,0.0017159410593161656,1.5941059316165697e-05,0.00142366,0.0014378807794303828,1.4220779430382767e-05,2776.3,2996.156752546945,219.8567525469448,1124996.6984126985,1111289.0681330266,-13707.630279671866,0.6184178148592099,0.5970661963490973,-0.02135161851011258,A7-750-8-70000,7,750.0,8.0,0.008,70000.0,14.0
0.4,train,0.0008059999999999999,0.0009574614128483715,0.00015146141284837168,0.0013845,0.0013198047618985078,-6.469523810149233e-05,0.00174268,0.001717646810741699,-2.5033189258300914e-05,0.0013960099999999998,0.001438146007799532,4.21360077995322e-05,2668.0,2807.206041224568,139.2060412245678,882971.363449692,1024649.4736120099,141678.11016231787,0.48790881972044736,0.5970661963478223,0.10915737662737496,A7-750-8-70000,7,750.0,8.0,0.008,70000.0,14.0
0.5,train,0.0007499999999999998,0.0009576484094014427,0.00020764840940144292,0.0013555,0.0013359187087775629,-1.9581291222437076e-05,0.0017,0.0017178594314151581,1.7859431415158215e-05,0.0013537599999999999,0.0014381601923959039,8.4400192395904e-05,2769.7,2694.5425920113066,-75.1574079886932,986611.2584514722,994684.2510316541,8072.992580181919,0.7671532849202954,0.5970661963478222,-0.17008708857247323,A7-750-8-70000,7,750.0,8.0,0.008,70000.0,14.0
0.6,train,0.0008811000000000001,0.0009576718362058838,7.657183620588372e-05,0.0013094999999999995,0.0013426396564930679,3.313965649306841e-05,0.0017,0.0017178859344273237,1.788593442732375e-05,0.0014708899999999999,0.001438160950997915,-3.2729049002084946e-05,2775.5,2627.3660638056367,-148.1339361943633,1011255.2364729459,984320.4610202354,-26934.775452710455,0.632220276055743,0.5970661963478222,-0.03515407970792084,A7-750-8-70000,7,750.0,8.0,0.008,70000.0,14.0
0.7,train,0.0010534999999999997,0.0009576747711004436,-9.582522889955611e-05,0.0012764999999999999,0.0013454428889061812,6.89428889061813e-05,0.0017,0.0017178892380084968,1.7889238008496908e-05,0.0014846400000000002,0.0014381609915684744,-4.6479008431525755e-05,2529.6,2587.3114944374906,57.71149443749073,1038631.9872298625,980736.0343365107,-57895.95289335179,0.4977410059870494,0.5970661963478222,0.09932519036077281,A7-750-8-70000,7,750.0,8.0,0.008,70000.0,14.0
0.8,validation,0.0009499999999999995,0.0009576751387820922,7.675138782092762e-06,0.0012731,0.0013466120859144841,7.351208591448405e-05,0.00172362,0.0017178896497974851,-5.730350202514788e-06,0.00141295,0.001438160993738216,2.5210993738215967e-05,2665.5,2563.428620908278,-102.07137909172206,1015273.4331707318,979496.3223550018,-35777.110815729946,0.5466730250606847,0.5970661963478222,0.050393171287137495,A7-750-8-70000,7,750.0,8.0,0.008,70000.0,14.0
0.9,validation,0.0013499999999999996,0.0009576751848450059,-0.00039232481515499374,0.0012711000000000007,0.001347099744960459,7.599974496045833e-05,0.0017,0.0017178897011266828,1.7889701126682853e-05,0.0014276,0.0014381609938542551,1.056099385425514e-05,2590.8,2549.188256899621,-41.611743100379044,970079.3508102956,979067.5548190175,8988.20400872198,0.43804722553624287,0.5970661963478222,0.15901897081157934,A7-750-8-70000,7,750.0,8.0,0.008,70000.0,14.0
1.0,validation,0.0011888000000000003,0.0009576751906157372,-0.00023112480938426304,0.0012525000000000001,0.001347303142115457,9.480314211545685e-05,0.0017,0.0017178897075248297,1.788970752482984e-05,0.0013871699999999999,0.0014381609938604611,5.0990993860461267e-05,2614.7,2540.6973202101567,-74.00267978984311,994384.1944728761,978919.261019606,-15464.933453270118,0.5779406106166964,0.5970661963478222,0.01912558573112577,A7-750-8-70000,7,750.0,8.0,0.008,70000.0,14.0
0.05,train,0.0005914599999999999,0.0005914599999999999,0.0,0.00075143,0.00075143,0.0,0.00133882,0.00133882,0.0,0.00088541,0.00088541,0.0,3386.9,3386.9,0.0,2608910.6532066506,2608910.6532066506,0.0,0.5378288153539191,0.5378288153539191,0.0,A8-550-6-60000,8,550.0,6.0,0.006,60000.0,12.0
0.1,train,0.0007014,0.0006711010599567377,-3.0298940043262308e-05,0.0008560500000000001,0.0008369494361994472,-1.910056380055288e-05,0.00141194,0.0014063191113777255,-5.620888622274523e-06,0.0010340899999999999,0.0010579830344371996,2.389303443719971e-05,2983.6,3083.690138792453,100.09013879245322,1752846.7351973683,1792568.750262958,39722.01506558969,0.3944860588157711,0.5395908777845723,0.14510481896880117,A8-550-6-60000,8,550.0,6.0,0.006,60000.0,12.0
0.15,train,0.0008701,0.0006716376771976788,-0.00019846232280232117,0.000887075,0.0008910179542446453,3.942954244645375e-06,0.00156364,0.001406773916812674,-0.00015686608318732603,0.00119365,0.0010796036543911773,-0.00011404634560882284,3181.7,2867.179182947385,-314.5208170526148,1443229.1123439667,1358099.6284042085,-85129.48393975827,0.6404916668466498,0.5409147194827426,-0.09957694736390721,A8-550-6-60000,8,550.0,6.0,0.006,60000.0,12.0
0.2,train,0.0013899999999999997,0.000671641292896207,-0.0007183587071037927,0.00087549,0.00092520205055681,4.9712050556809974e-05,0.0013587,0.0014067769812675895,4.8076981267589514e-05,0.00098386,0.001082312369624231,9.845236962423092e-05,3123.4,2712.576711199747,-410.82328880025307,1266351.6436464088,1126868.795871858,-139482.84777455078,0.5724204433805627,0.5419093249015557,-0.030511118479007004,A8-550-6-60000,8,550.0,6.0,0.006,60000.0,12.0
0.3,train,0.0006933999999999998,0.0006716413174227445,-2.1758682577255328e-05,0.00105872,0.0009604786613842785,-9.82413386157215e-05,0.0015,0.0014067770020548505,-9.322299794514949e-05,0.0010627999999999998,0.0010826942441218667,1.9894244121866937e-05,1982.8,2523.3511597085403,540.5511597085404,638355.1311754684,938307.6622150711,299952.5310396027,0.5030576870499048,0.5432179845867458,0.040160297536840917,A8-550-6-60000,8,550.0,6.0,0.006,60000.0,12.0
0.4,train,0.0002959999999999998,0.0006716413174238581,0.00037564131742385827,0.0009215000000000002,0.0009745795385144849,5.307953851448467e-05,0.0011781,0.0014067770020557942,0.00022867700205579417,0.00104164,0.0010827002380436415,4.106023804364154e-05,2067.2,2426.867694883742,359.6676948837421,515616.342776204,884897.2617915736,369280.9190153696,0.47667309494977794,0.5439566644380549,0.06728356948827696,A8-550-6-60000,8,550.0,6.0,0.006,60000.0,12.0
0.5,train,0.0004499999999999999,0.0006716413174238581,0.0002216413174238582,0.0008981000000000002,0.0009802159851905457,8.211598519054547e-05,0.00122828,0.0014067770020557942,0.00017849700205579424,0.0009559,0.0010827003321245462,0.00012680033212454623,2181.4,2377.6721242473377,196.27212424733762,948875.0166270784,869768.635769465,-79106.3808576134,0.6020637362439296,0.5443736161703541,-0.057690120073575546,A8-550-6-60000,8,550.0,6.0,0.006,60000.0,12.0
0.6,train,0.0003839000000000004,0.0006716413174238581,0.0002877413174238577,0.0010763,0.000982469003271529,-9.383099672847107e-05,0.00143514,0.0014067770020557942,-2.8362997944205662e-05,0.001244307,0.001082700333601245,-0.0001616066663987551,2662.0,2352.58799014585,-309.4120098541498,1039032.6054664291,865483.4155969511,-173549.189869478,0.7064685806177087,0.5446089667715099,-0.16185961384619874,A8-550-6-60000,8,550.0,6.0,0.006,60000.0,12.0
0.7,train,0.000588,0.0006716413174238581,8.364131742385811e-05,0.0009659999999999998,0.0009833695867002335,1.7369586700233686e-05,0.001578,0.0014067770020557942,-0.00017122299794420574,0.00111575,0.0010827003336244233,-3.3049666375576736e-05,2607.2,2339.7979406458285,-267.40205935417134,1103187.3349436393,864269.6165447381,-238917.71839890128,0.3968507192887522,0.5447418116577969,0.14789109236904469,A8-550-6-60000,8,550.0,6.0,0.006,60000.0,12.0
0.8,validation,0.0005670999999999992,0.0006716413174238581,0.00010454131742385889,0.0010008000000000005,0.0009837295707229553,-1.7070429277045223e-05,0.0015,0.0014067770020557942,-9.32229979442058e-05,0.00124971,0.0010827003336247871,-0.0001670096663752129,2271.0,2333.2764731097695,62.27647310976954,853749.9761146497,863925.8050065112,10175.828891861485,0.5114166997907773,0.5448167966534838,0.03340009686270651,A8-550-6-60000,8,550.0,6.0,0.006,60000.0,12.0
0.9,validation,0.0006061999999999994,0.0006716413174238581,6.544131742385864e-05,0.0010537000000000003,0.0009838734646615784,-6.982653533842186e-05,0.00131106,0.0014067770020557942,9.571700205579427e-05,0.0011318419999999999,0.001082700333624793,-4.914166637520691e-05,2325.3,2329.951267931807,4.651267931806615,945711.1100917432,863828.4195508194,-81882.69054092374,0.9455872465299012,0.5448591223292047,-0.4007281242006965,A8-550-6-60000,8,550.0,6.0,0.006,60000.0,12.0
1.0,validation,0.0006697999999999999,0.0006716413174238581,1.8413174238581789e-06,0.0010663,0.0009839309823964377,-8.236901760356238e-05,0.00141538,0.0014067770020557942,-8.602997944205703e-06,0.001174166,0.001082700333624793,-9.146566637520696e-05,2308.1,2328.2557922717024,20.155792271702467,1013626.2815884476,863800.8348832739,-149825.4467051737,0.5034231670243335,0.5448830132797718,0.041459846255438304,A8-550-6-60000,8,550.0,6.0,0.006,60000.0,12.0
0.05,train,0.0005920000000000001,0.0005920000000000001,0.0,0.00075,0.00075,0.0,0.00135312,0.00135312,0.0,0.00079938,0.00079938,0.0,4035.8,4035.8,0.0,2734276.122931442,2734276.122931442,0.0,1.4416157183174716,1.4416157183174716,0.0,A9-550-10-60000,9,550.0,10.0,0.01,60000.0,12.0
0.1,train,0.0007543999999999999,0.0007665245762330122,1.2124576233012337e-05,0.00089305,0.0008961381939984676,3.088193998467513e-06,0.0013556,0.0014258503163045082,7.025031630450819e-05,0.00105,0.0010513358276292184,1.3358276292185084e-06,3159.5,3154.8120647684996,-4.687935231500433,1868248.2084690554,1848814.4799877526,-19433.728481302736,0.5659131462586463,0.5647985287505392,-0.0011146175081071519,A9-550-10-60000,9,550.0,10.0,0.01,60000.0,12.0
0.15,train,0.0008500000000000001,0.0008232183468709272,-2.678165312907288e-05,0.00098229,0.0009908885272913153,8.59852729131528e-06,0.00151866,0.0014511659976043268,-6.749400239567326e-05,0.0010818099999999999,0.0010579345526147024,-2.3875447385297453e-05,2947.6,2918.834862542762,-28.76513745723787,1453492.680851064,1462449.6967252486,8957.015874184668,0.5096689115494489,0.5521206675432004,0.042451755993751505,A9-550-10-60000,9,550.0,10.0,0.01,60000.0,12.0
0.2,train,0.0008016999999999998,0.0008416351435108065,3.99351435108067e-05,0.0010500000000000002,0.0010523209660909896,2.320966090989425e-06,0.0015347,0.0014599777799839157,-7.472222001608428e-05,0.0010999199999999999,0.0010581073732707823,-4.181262672921758e-05,2776.0,2855.6271411388884,79.62714113888842,1233550.048076923,1293862.2181652372,60312.17008831422,0.7314296973052161,0.5519373589052027,-0.17949233840001344,A9-550-10-60000,9,550.0,10.0,0.01,60000.0,12.0
0.3,train,0.0009719999999999998,0.0008495612251717311,-0.0001224387748282687,0.00115,0.0011179758666041153,-3.202413339588469e-05,0.0014216,0.0014641125589645429,4.251255896454281e-05,0.0010706399999999999,0.001058112017985578,-1.2527982014421844e-05,2707.4,2834.161697011041,126.76169701104072,1280079.0835654596,1188202.076602467,-91877.00696299248,0.4625274280515697,0.5519346701309,0.08940724207933032,A9-550-10-60000,9,550.0,10.0,0.01,60000.0,12.0
0.4,train,0.0008985,0.0008503976290596593,-4.810237094034068e-05,0.0011247000000000002,0.0011455753636781902,2.0875363678190054e-05,0.00141432,0.0014646135161226618,5.0293516122661835e-05,0.00101903,0.0010581120211714645,3.90820211714645e-05,2929.9,2832.6216284607412,-97.27837153925884,1281926.128057554,1168084.9128694988,-113841.21518805507,0.48519126944020746,0.5519346695687811,0.06674340012857366,A9-550-10-60000,9,550.0,10.0,0.01,60000.0,12.0
0.5,train,0.0010082,0.0008504858910147677,-0.00015771410898523218,0.0011603,0.0011571774258668241,-3.122574133175831e-06,0.00137768,0.001464674210557708,8.699421055770795e-05,0.00099745,0.0010581120211736498,6.066202117364981e-05,3058.9,2832.511134071457,-226.38886592854305,1253023.7478386166,1164254.7052749102,-88769.0425637064,0.5763463804180607,0.5519346695686635,-0.024411710849397195,A9-550-10-60000,9,550.0,10.0,0.01,60000.0,12.0
0.6,train,0.0007823999999999999,0.0008504952049034666,6.80952049034667e-05,0.00115,0.0011620546106455053,1.2054610645505356e-05,0.0015,0.0014646815641095755,-3.531843589042456e-05,0.00103663,0.0010581120211736513,2.1482021173651342e-05,2712.3,2832.5032064957263,120.20320649572614,1059804.6309696094,1163525.4528607836,103720.82189117419,0.4531504175392537,0.5519346695686635,0.09878425202940982,A9-550-10-60000,9,550.0,10.0,0.01,60000.0,12.0
0.7,train,0.0006136000000000006,0.0008504961877564138,0.00023689618775641318,0.0011722999999999994,0.001164104843697066,-8.19515630293339e-06,0.00152382,0.0014646824550433987,-5.9137544956601234e-05,0.00110244,0.0010581120211736513,-4.432797882634879e-05,2803.6,2832.502637720629,28.902637720629173,1026052.2638297873,1163386.606839941,137334.34301015385,0.6443104352065082,0.5519346695686635,-0.09237576563784466,A9-550-10-60000,9,550.0,10.0,0.01,60000.0,12.0
0.8,validation,0.0009785000000000002,0.000850496291472482,-0.00012800370852751825,0.0011647000000000003,0.0011649667047411842,2.667047411838812e-07,0.00154554,0.0014646825629862123,-8.085743701378772e-05,0.00108317,0.0010581120211736513,-2.5057978826348738e-05,2548.6,2832.502596913058,283.902596913058,1087360.4114441418,1163360.1712503834,75999.75980624161,0.5094719066209638,0.5519346695686635,0.042462762947699795,A9-550-10-60000,9,550.0,10.0,0.01,60000.0,12.0
0.9,validation,0.0007057999999999995,0.000850496302417174,0.00014469630241717457,0.0011680000000000006,0.0011653290071920216,-2.6709928079790297e-06,0.00145308,0.001464682576064233,1.160257606423287e-05,0.00109977,0.0010581120211736513,-4.16579788263486e-05,2855.4,2832.5025939852612,-22.897406014738863,1109869.170487106,1163355.1380460393,53485.96755893319,0.8031933808243193,0.5519346695686635,-0.2512587112556558,A9-550-10-60000,9,550.0,10.0,0.01,60000.0,12.0
1.0,validation,-0.00032960000000000107,0.0008504963035721184,0.0011800963035721195,0.0013080999999999995,0.0011654813090819594,-0.00014261869091804018,0.00094712,0.0014646825776487259,0.0005175625776487259,0.00039983999999999994,0.0010581120211736513,0.0006582720211736514,1953.8,2832.5025937752025,878.7025937752026,727989.1436170213,1163354.1797490467,435365.0361320254,0.14001448215095466,0.5519346695686635,0.41192018741770886,A9-550-10-60000,9,550.0,10.0,0.01,60000.0,12.0
0.05,train,0.0005831600000000001,0.0005831600000000001,0.0,0.00065,0.00065,0.0,0.00113258,0.00113258,0.0,0.00069695,0.00069695,0.0,3107.1,3107.1,0.0,2358009.4701986755,2358009.4701986755,0.0,0.38052116545732384,0.38052116545732384,0.0,A10-550-8-40000,10,550.0,8.0,0.008,40000.0,8.0
0.1,train,0.0006147999999999999,0.0006476680759024173,3.2868075902417406e-05,0.0007781740000000001,0.000750405717450228,-2.7768282549772054e-05,0.0013111,0.0013169501196680041,5.850119668004191e-06,0.0008506200000000001,0.0008546690771174068,4.049077117406754e-06,2764.1,2801.013000744804,36.91300074480387,1726392.114537445,1866123.9156033685,139731.80106592365,0.5573775532843155,0.463468527807129,-0.09390902547718649,A10-550-8-40000,10,550.0,8.0,0.008,40000.0,8.0
0.15,train,0.0006654,0.0006951618168157859,2.976181681578591e-05,0.0007971199999999999,0.000816704113050121,1.958411305012114e-05,0.00137258,0.0013545481235147459,-1.8031876485254117e-05,0.00090474,0.0009257670867032553,2.102708670325532e-05,2730.0,2710.792868615668,-19.207131384332115,1633524.580896686,1598423.6866385522,-35100.894258133834,0.396019302938632,0.4640274227383559,0.06800811979972388,A10-550-8-40000,10,550.0,8.0,0.008,40000.0,8.0
0.2,train,0.00075,0.0007301288406246867,-1.9871159375313267e-05,0.0008717700000000001,0.0008604812740598891,-1.1288725940111007e-05,0.00135004,0.0013622153631726963,1.2175363172696246e-05,0.0009714400000000001,0.0009578172803732734,-1.3622719626726616e-05,2783.7,2684.2001931305767,-99.49980686942308,1534039.397810219,1452732.4543624283,-81306.9434477908,0.459517294029289,0.4640311885427806,0.004513894513491601,A10-550-8-40000,10,550.0,8.0,0.008,40000.0,8.0
0.3,train,0.0007032000000000002,0.0007748272366473113,7.162723664731112e-05,0.0009036999999999997,0.0009084745107730244,4.774510773024711e-06,0.00136722,0.001364097769447373,-3.122230552626837e-06,0.0010599,0.0009787780921627312,-8.112190783726866e-05,2649.8,2674.0515586150755,24.251558615075282,1382994.3305084745,1330290.3317223932,-52703.99878608133,0.4375614183506128,0.46403121408753845,0.02646979573692565,A10-550-8-40000,10,550.0,8.0,0.008,40000.0,8.0
0.4,train,0.0008728999999999998,0.0007990562941114826,-7.384370588851721e-05,0.0008980000000000004,0.0009293996901783936,3.1399690178393266e-05,0.00134088,0.0013641760514383355,2.3296051438335486e-05,0.0009548199999999999,0.0009830375520176275,2.8217552017627658e-05,2804.2,2673.1698506531425,-131.03014934685734,1351148.3831282952,1294024.2865757584,-57124.09655253682,0.517344184271941,0.4640312140886982,-0.05331297018324277,A10-550-8-40000,10,550.0,8.0,0.008,40000.0,8.0
0.5,train,0.0010007999999999996,0.0008121898129362962,-0.00018861018706370337,0.0009499999999999999,0.0009385231242939979,-1.1476875706002026e-05,0.00134662,0.001364179306883343,1.7559306883343064e-05,0.0009608500000000001,0.0009839031195556464,2.305311955564629e-05,2613.1,2673.0932483349734,59.99324833497349,1244846.6666666667,1283282.672479077,38436.005812410265,0.5667470747700071,0.46403121408869824,-0.10271586068130883,A10-550-8-40000,10,550.0,8.0,0.008,40000.0,8.0
0.6,train,0.0007121000000000002,0.000819308922582918,0.00010720892258291774,0.0009530999999999997,0.000942500965938711,-1.0599034061288645e-05,0.00138338,0.0013641794422647004,-1.92005577352996e-05,0.00097911,0.0009840790120838998,4.969012083899703e-06,2565.9,2673.0865931663666,107.18659316636649,1236110.1788908765,1280101.1214459965,43990.94255511998,0.36135239227103505,0.46403121408869824,0.10267882181766319,A10-550-8-40000,10,550.0,8.0,0.008,40000.0,8.0
0.7,train,0.0007499999999999998,0.000823167882457774,7.316788245777424e-05,0.0009500000000000003,0.0009442353155213261,-5.764684478674269e-06,0.00138216,0.0013641794478946871,-1.7980552105312762e-05,0.00096722,0.0009841147553160989,1.6894755316098882e-05,2645.0,2673.0860149688624,28.0860149688624,1225626.7324185248,1279158.7801102356,53532.04769171076,0.41639365473071277,0.46403121408869824,0.04763755935798547,A10-550-8-40000,10,550.0,8.0,0.008,40000.0,8.0
0.8,validation,0.0006137999999999994,0.0008252596568586383,0.00021145965685863887,0.0009976000000000004,0.0009449914965721014,-5.260850342789897e-05,0.00140792,0.0013641794481288165,-4.374055187118353e-05,0.00099818,0.0009841220187209786,-1.4057981279021409e-05,2540.1,2673.085964735371,132.985964735371,1166729.3115318418,1278879.6687007844,112150.35716894269,0.40885876932750265,0.46403121408869824,0.055172444761195594,A10-550-8-40000,10,550.0,8.0,0.008,40000.0,8.0
0.9,validation,0.0007022999999999986,0.00082639351683283,0.00012409351683283145,0.0009500000000000003,0.000945321193530133,-4.678806469867272e-06,0.00139764,0.001364179448138553,-3.346055186144686e-05,0.00097473,0.00098412349472209,9.393494722090018e-06,2593.9,2673.085960371112,79.18596037111183,1256371.8197879859,1278796.9988910994,22425.179103113478,0.40202704320605104,0.46403121408869824,0.0620041708826472,A10-550-8-40000,10,550.0,8.0,0.008,40000.0,8.0
1.0,validation,0.0007500000000000007,0.0008270081330364429,7.700813303644226e-05,0.0009500000000000003,0.0009454649422845139,-4.535057715486426e-06,0.00140514,0.0013641794481389579,-4.096055186104215e-05,0.00102681,0.0009841237946612118,-4.2686205338788186e-05,2589.6,2673.0859599919477,83.48595999194777,1268735.389948007,1278772.5129790157,10037.123031008756,0.4491352363152996,0.46403121408869824,0.014895977773398628,A10-550-8-40000,10,550.0,8.0,0.008,40000.0,8.0
0.05,train,0.00057701,0.00057701,0.0,0.00079189,0.00079189,0.0,0.0011987,0.0011987,0.0,0.00090057,0.00090057,0.0,3499.9,3499.9,0.0,2650313.682611997,2650313.682611997,0.0,0.46543648335514054,0.46543648335514054,0.0,A11-550-8-70000,11,550.0,8.0,0.008,70000.0,14.0
0.1,train,0.0007597,0.0006925449278183734,-6.715507218162662e-05,0.00096481,0.0009546595242123635,-1.0150475787636505e-05,0.0015106,0.0015110297541834142,4.2975418341421184e-07,0.00115397,0.001156116587574425,2.146587574425058e-06,2914.2,2933.0308824516533,18.83088245165345,1791309.657142857,1819890.7503257166,28581.093182859477,0.7179225455437376,0.6241897061328843,-0.09373283941085331,A11-550-8-70000,11,550.0,8.0,0.008,70000.0,14.0
0.15,train,0.0008500000000000003,0.0006933233960385568,-0.00015667660396144348,0.00105,0.0010602239876970326,1.0223987697032628e-05,0.00152592,0.0015199528229553757,-5.967177044624355e-06,0.00119207,0.0011855312850183174,-6.538714981682526e-06,2704.5,2682.0945966157933,-22.405403384206693,1475100.7561929596,1381047.9601482153,-94052.79604474432,0.6089979804564215,0.6252593769338954,0.016261396477473933,A11-550-8-70000,11,550.0,8.0,0.008,70000.0,14.0
0.2,train,0.0008564999999999998,0.0006933286413161648,-0.00016317135868383506,0.00109014,0.0011286880076340007,3.854800763400065e-05,0.0015566,0.0015202077495361536,-3.6392250463846386e-05,0.0012057600000000002,0.0011889170646287132,-1.684293537128692e-05,2654.2,2571.01248330288,-83.18751669711992,1148809.2303664922,1149138.4270617862,329.19669529399835,0.41884263178430153,0.6252665843190591,0.2064239525347576,A11-550-8-70000,11,550.0,8.0,0.008,70000.0,14.0
0.3,train,0.0005159000000000001,0.0006933286768967025,0.0001774286768967024,0.0012499999999999998,0.0012018877642606424,-4.81122357393574e-05,0.00155244,0.001520215240705158,-3.222475929484203e-05,0.001157759,0.0011893516436519583,3.159264365195833e-05,2246.3,2500.0723534021295,253.77235340212928,767940.6643518518,961819.5898079639,193878.92545611213,0.7561179145715303,0.6252666332092531,-0.1308512813622772,A11-550-8-70000,11,550.0,8.0,0.008,70000.0,14.0
0.4,train,0.00065,0.0006933286768983179,4.332867689831792e-05,0.0012500000000000002,0.0012326770021190091,-1.7322997880991117e-05,0.00155744,0.0015202152468195228,-3.722475318047717e-05,0.001129412,0.001189357401462344,5.9945401462344105e-05,2421.2,2486.171120641119,64.97112064111934,887080.8325859492,909507.662479287,22426.829893337796,0.8044921919751614,0.6252666332114727,-0.17922555876368873,A11-550-8-70000,11,550.0,8.0,0.008,70000.0,14.0
0.5,train,0.0007063,0.000693328676898318,-1.2971323101681987e-05,0.0012753,0.0012456275529348303,-2.9672447065169725e-05,0.00138758,0.0015202152468245134,0.0001326352468245134,0.00117862,0.0011893574777485398,1.073747774853976e-05,2644.7,2483.4470732994223,-161.25292670057752,1034368.4616457461,894898.6793094167,-139469.78233632946,0.3932758902615313,0.6252666332114728,0.2319907429499415,A11-550-8-70000,11,550.0,8.0,0.008,70000.0,14.0
0.6,train,0.0007500000000000007,0.000693328676898318,-5.667132310168267e-05,0.0011961999999999997,0.0012510748058744672,5.487480587446753e-05,0.00154854,0.0015202152468245175,-2.8324753175482413e-05,0.0012045,0.0011893574787592684,-1.5142521240731673e-05,2501.9,2482.9132764738188,-18.986723526181322,950429.2409470752,890818.8757128752,-59610.36523420003,0.5067717556257452,0.6252666332114728,0.11849487758572763,A11-550-8-70000,11,550.0,8.0,0.008,70000.0,14.0
0.7,train,0.0004578999999999998,0.000693328676898318,0.0002354286768983182,0.0012500000000000002,0.0012533660261484446,3.3660261484443933e-06,0.00151314,0.0015202152468245175,7.075246824517472e-06,0.00125512,0.0011893574787726598,-6.576252122734018e-05,2533.4,2482.808675115882,-50.59132488411797,845117.9007352941,889679.5221252359,44561.62138994178,0.795258689169757,0.6252666332114728,-0.16999205595828415,A11-550-8-70000,11,550.0,8.0,0.008,70000.0,14.0
0.8,validation,0.0008920999999999998,0.000693328676898318,-0.00019877132310168184,0.0012113000000000002,0.0012543297578499202,4.3029757849919956e-05,0.0014225,0.0015202152468245175,9.77152468245176e-05,0.0011836,0.0011893574787728372,5.7574787728372455e-06,2541.2,2482.788177721448,-58.41182227855188,906844.348901099,889361.3385247393,-17483.010376359685,0.8446600170222336,0.6252666332114728,-0.2193933838107608,A11-550-8-70000,11,550.0,8.0,0.008,70000.0,14.0
0.9,validation,0.0007714999999999987,0.000693328676898318,-7.817132310168075e-05,0.0011500000000000008,0.001254735122101877,0.00010473512210187625,0.0015,0.0015202152468245175,2.02152468245175e-05,0.00116558,0.0011893574787728396,2.3777478772839516e-05,2695.2,2482.784161108405,-212.41583889159483,1000498.352112676,889272.4804171919,-111225.87169548415,0.7275641559230361,0.6252666332114728,-0.10229752271156334,A11-550-8-70000,11,550.0,8.0,0.008,70000.0,14.0
1.0,validation,0.0006856999999999992,0.000693328676898318,7.628676898318839e-06,0.0010963000000000006,0.0012549056261711247,0.0001586056261711241,0.00153858,0.0015202152468245175,-1.8364753175482366e-05,0.00124993,0.0011893574787728396,-6.057252122716045e-05,2356.9,2482.7833740239594,125.88337402395928,878232.7538461538,889247.6653001822,11014.911454028334,1.7709100052009983,0.6252666332114728,-1.1456433719895256,A11-550-8-70000,11,550.0,8.0,0.008,70000.0,14.0
0.05,train,0.00015016999999999998,0.00015017000000000003,5.421010862427522e-20,0.00047479,0.00047479,0.0,0.00074998,0.0007499800000000001,1.0842021724855044e-19,0.00010072363,0.00010072362999999991,-8.131516293641283e-20,2106.1,2106.1,0.0,5351820.845410627,5351820.845410627,0.0,0.11349342413549782,0.11349342413549779,-2.7755575615628914e-17,A12-950-6-60000,12,950.0,6.0,0.006,60000.0,12.0
0.1,train,0.0005554,0.0005909050315478569,3.55050315478569e-05,0.00070076,0.0006700135590856448,-3.074644091435527e-05,0.00120068,0.0012189762968714958,1.8296296871495813e-05,0.0008012900000000001,0.0008925257119839393,9.12357119839392e-05,2591.4,2998.6150940793227,407.2150940793226,2440123.2044198895,3034293.8499726653,594170.6455527758,0.2535069383053647,0.4166319552951114,0.16312501698974669,A12-950-6-60000,12,950.0,6.0,0.006,60000.0,12.0
0.15,train,0.0007700000000000001,0.0007978770024395978,2.7877002439597722e-05,0.0008938533999999999,0.0008189404927705394,-7.49129072294605e-05,0.0015,0.0014668384001078616,-3.3161599892138436e-05,0.00129678,0.0012699620337504032,-2.681796624959677e-05,4022.6,3161.046865665245,-861.5531343347548,2295311.986666667,1997102.5068619708,-298209.47980469605,0.5892273584992468,0.5455057717409086,-0.04372158675833815,A12-950-6-60000,12,950.0,6.0,0.006,60000.0,12.0
0.2,train,0.0009053999999999998,0.000895072354904246,-1.0327645095753804e-05,0.0009654100000000001,0.000932549893606506,-3.2860106393494065e-05,0.00157278,0.0015978322323205458,2.5052232320545847e-05,0.0014995400000000002,0.0014498784298170248,-4.9661570182975377e-05,4111.5,3190.6083605862445,-920.8916394137555,1995115.2502606881,1532915.5160129298,-462199.7342477583,0.7984951435043297,0.6002941237916088,-0.19820101971272086,A12-950-6-60000,12,950.0,6.0,0.006,60000.0,12.0
0.3,train,0.00115,0.0009621504133422729,-0.0001878495866577271,0.0010193,0.0010853316367643643,6.603163676436436e-05,0.00170892,0.0017036492529922255,-5.270747007774575e-06,0.00165724,0.001576522315469878,-8.071768453012194e-05,3568.6,3196.9674776592897,-371.63252234071024,1480938.0462184874,1232198.2892714082,-248739.7569470792,0.782243046268869,0.6334886751654916,-0.14875437110337741,A12-950-6-60000,12,950.0,6.0,0.006,60000.0,12.0
0.4,train,0.0010701999999999999,0.0009769431460860969,-9.325685391390302e-05,0.0011097000000000001,0.0011742422292160882,6.454222921608807e-05,0.00175992,0.0017332046613047782,-2.6715338695221897e-05,0.00175,0.0016052988393121036,-0.00014470116068789648,3097.7,3197.1781015560773,99.47810155607749,1209175.7594529365,1171966.4020690604,-37209.35738387611,0.5263429838650839,0.6394881591633861,0.11314517529830215,A12-950-6-60000,12,950.0,6.0,0.006,60000.0,12.0
0.5,train,0.00115,0.000980205389316234,-0.00016979461068376595,0.001182,0.001225983316120358,4.39833161203578e-05,0.0017,0.001741459686394097,4.145968639409714e-05,0.00161203,0.0016118375547042707,-1.9244529572931372e-07,2770.1,3197.1850777487452,427.08507774874533,1095489.0210341807,1159902.3102467628,64413.28921258217,0.5278759464892122,0.6405724879689053,0.1126965414796931,A12-950-6-60000,12,950.0,6.0,0.006,60000.0,12.0
0.6,train,0.0007914000000000003,0.000980924812229963,0.0001895248122299627,0.0012499999999999998,0.0012560937900269263,6.0937900269264576e-06,0.00176598,0.0017437653706365423,-2.2214629363457618e-05,0.0015156,0.0016133233074384849,9.772330743848491e-05,2287.6,3197.18530881115,909.5853088111503,751623.9412393162,1157485.943796084,405862.0025567678,0.6198657966535982,0.6407684663161918,0.020902669662593576,A12-950-6-60000,12,950.0,6.0,0.006,60000.0,12.0
0.7,train,0.0007559000000000003,0.0009810834666564685,0.00022518346665646814,0.0013693,0.0012736164338893485,-9.568356611065146e-05,0.00173816,0.0017444093638126184,6.249363812618324e-06,0.00147127,0.0016136609060423128,0.00014239090604231284,2846.5,3197.185316464298,350.685316464298,1014825.029882604,1157001.9598452013,142176.92996259732,0.6155065324465777,0.6408038868569076,0.025297354410329875,A12-950-6-60000,12,950.0,6.0,0.006,60000.0,12.0
0.8,validation,0.0008712999999999993,0.000981118454737289,0.00010981845473728973,0.0012734000000000005,0.0012838136512723101,1.0413651272309652e-05,0.00173252,0.00174458923545471,1.2069235454709951e-05,0.0016903,0.001613737616530325,-7.656238346967514e-05,3339.7,3197.1853167177824,-142.51468328221745,1268500.4007561437,1156905.020713868,-111595.38004227565,0.5050801474380081,0.6408102886595657,0.13573014122155758,A12-950-6-60000,12,950.0,6.0,0.006,60000.0,12.0
0.9,validation,0.0009499999999999995,0.0009811261706631946,3.112617066319519e-05,0.0012839000000000001,0.0012897478723391648,5.847872339164676e-06,0.00174974,0.0017446394748187755,-5.1005251812245335e-06,0.00178978,0.0016137550469903573,-0.00017602495300964266,3130.0,3197.1853167261784,67.18531672617837,1226022.5788590603,1156885.604377507,-69136.9744815533,0.4938726984446498,0.6408114457022434,0.14693874725759354,A12-950-6-60000,12,950.0,6.0,0.006,60000.0,12.0
1.0,validation,0.0009851999999999994,0.0009811278722573142,-4.072127742685283e-06,0.0012713000000000004,0.0012932012634308504,2.1901263430850002e-05,0.00176072,0.0017446535070123573,-1.606649298764259e-05,0.00179949,0.0016137590076083226,-0.00018573099239167735,2820.2,3197.185316726456,376.9853167264564,1039738.2409539474,1156881.715399831,117143.47444588365,0.5567163617220173,0.6408116548226785,0.08409529310066122,A12-950-6-60000,12,950.0,6.0,0.006,60000.0,12.0
0.05,train,0.00045,0.00045,0.0,0.000592541,0.000592541,0.0,0.00098128,0.00098128,0.0,0.000476907,0.00047690699999999994,-5.421010862427522e-20,4882.3,4882.3,0.0,6006076.153846154,6006076.153846154,0.0,0.6414945856357636,0.6414945856357636,0.0,A13-950-10-60000,13,950.0,10.0,0.01,60000.0,12.0
0.1,train,0.00065,0.0007051478497047585,5.514784970475856e-05,0.000904462,0.0008361314170058932,-6.833058299410678e-05,0.0013779,0.001371943169719435,-5.956830280565107e-06,0.0011151,0.0010846291725204855,-3.0470827479514486e-05,3151.2,3365.1019721406915,213.90197214069167,2120456.1931818184,2174855.7923344253,54399.59915260691,0.4409295011631678,0.6490263301677418,0.208096829004574,A13-950-10-60000,13,950.0,10.0,0.01,60000.0,12.0
0.15,train,0.0008500000000000001,0.0008244613295441188,-2.5538670455881214e-05,0.0010500000000000002,0.0010184239385189371,-3.1576061481063036e-05,0.00152984,0.001509897301799303,-1.9942698200696917e-05,0.00139922,0.0013789932867578423,-2.022671324215775e-05,3367.7,3354.8791722418587,-12.82082775814115,1681171.9955898568,1578042.8388120225,-103129.15677783429,0.44110644419346223,0.6564846316668144,0.21537818747335213,A13-950-10-60000,13,950.0,10.0,0.01,60000.0,12.0
0.2,train,0.000905,0.0008802552799452299,-2.4744720054770087e-05,0.0011557,0.0011548437690198211,-8.562309801788109e-07,0.0015,0.0015586127785399888,5.861277853998876e-05,0.00147312,0.001521575268572605,4.845526857260489e-05,3755.2,3354.810291557958,-400.38970844204187,1787916.6265640038,1485073.5841404928,-302843.0424235109,0.738015608845775,0.6638702062856683,-0.07414540256010671,A13-950-10-60000,13,950.0,10.0,0.01,60000.0,12.0
0.3,train,0.0009782999999999997,0.0009185465502381524,-5.9753449761847295e-05,0.0012545,0.001333334719422136,7.883471942213608e-05,0.00160636,0.0015818903733877997,-2.446962661220033e-05,0.0015440599999999999,0.0016240902715433656,8.003027154336573e-05,3206.5,3354.809824316382,148.30982431638222,1545914.0992541595,1468335.1739916785,-77578.92526248097,0.4429878983865022,0.6784260046450659,0.23543810625856365,A13-950-10-60000,13,950.0,10.0,0.01,60000.0,12.0
0.4,train,0.0009500000000000003,0.0009269198178866588,-2.3080182113341527e-05,0.0014196,0.0014332963907354884,1.3696390735488343e-05,0.00157994,0.0015847930763254788,4.853076325478899e-06,0.0017100600000000002,0.0016481420388644347,-6.191796113556554e-05,3208.1,3354.8098242951696,146.7098242951697,1405941.9248826292,1467928.9959676852,61987.07108505606,0.5965075471953393,0.6926993160225147,0.0961917688271754,A13-950-10-60000,13,950.0,10.0,0.01,60000.0,12.0
0.5,train,0.0008926999999999997,0.0009287508255961754,3.605082559617566e-05,0.0014903,0.0014892787008147174,-1.0212991852825894e-06,0.00160392,0.0015851550417432764,-1.8764958256723644e-05,0.00166985,0.0016537849935003707,-1.6065006499629397e-05,3291.1,3354.8098242951687,63.7098242951688,1341847.5862068965,1467919.1395604333,126071.55335353687,0.5537230002456102,0.7066956226933938,0.15297262244778365,A13-950-10-60000,13,950.0,10.0,0.01,60000.0,12.0
0.6,train,0.0008988,0.0009291512175784988,3.0351217578498805e-05,0.0015500000000000002,0.0015206309081220826,-2.936909187791761e-05,0.00161432,0.0015852001786265519,-2.9119821373448183e-05,0.00165588,0.0016551089268562092,-7.710731437908253e-07,3484.3,3354.8098242951687,-129.49017570483147,1338299.2958108457,1467918.9003826391,129619.60457179346,1.1371909762656403,0.720420300537584,-0.41677067572805626,A13-950-10-60000,13,950.0,10.0,0.01,60000.0,12.0
0.7,train,0.0009014000000000001,0.0009292387725017662,2.7838772501766087e-05,0.0015499999999999993,0.001538189327945289,-1.1810672054710395e-05,0.00155256,0.0015852058071704172,3.2645807170417294e-05,0.00166673,0.0016554195441912378,-1.1310455808762098e-05,3383.3,3354.8098242951687,-28.490175704831472,1351625.737254902,1467918.894578697,116293.1573237949,0.6732955370125365,0.7338786211043031,0.060583084091766604,A13-950-10-60000,13,950.0,10.0,0.01,60000.0,12.0
0.8,validation,0.0009537,0.0009292579184011019,-2.4442081598898165e-05,0.0015500000000000002,0.0015480227059803831,-1.9772940196170416e-06,0.0017,0.00158520650904666,-0.0001147934909533398,0.0016369499999999999,0.0016554924203132835,1.8542420313283608e-05,3264.7,3354.8098242951687,90.10982429516889,1345417.4128728413,1467918.8944378572,122501.48156501586,0.5931862755737021,0.7470757536368711,0.153889478063169,A13-950-10-60000,13,950.0,10.0,0.01,60000.0,12.0
0.9,validation,0.0007999999999999986,0.0009292621050926972,0.00012926210509269854,0.001486900000000001,0.0015535297689481607,6.662976894815961e-05,0.0017,0.0015852065965702312,-0.00011479340342976873,0.00163095,0.0016555095182938708,2.455951829387088e-05,3378.7,3354.8098242951687,-23.89017570483111,1410636.401792991,1467918.8944344395,57282.49264144851,0.6424285136114368,0.7600167670581781,0.11758825344674129,A13-950-10-60000,13,950.0,10.0,0.01,60000.0,12.0
1.0,validation,-0.00030460000000000036,0.0009292630206091849,0.0012338630206091853,0.0015823,0.0015566139321342835,-2.5686067865716544e-05,0.0013,0.0015852066074843712,0.00028520660748437127,0.00099298,0.0016555135297715944,0.0006625335297715943,2027.2,3354.8098242951687,1327.6098242951687,677200.4011494253,1467918.8944343566,790718.4932849313,0.19324982082527267,0.7727066319176212,0.5794568110923486,A13-950-10-60000,13,950.0,10.0,0.01,60000.0,12.0
0.05,train,0.0004886299999999999,0.0004886299999999999,0.0,0.00068976,0.00068976,0.0,0.00121038,0.00121038,0.0,0.00061483,0.00061483,0.0,3741.6,3741.6,0.0,2923553.5361842103,2923553.5361842103,0.0,0.46526393367206104,0.465263933672061,-5.551115123125783e-17,A14-950-8-40000,14,950.0,8.0,0.008,40000.0,8.0
0.1,train,0.0007794999999999999,0.0007276011904449912,-5.189880955500873e-05,0.000895718,0.0008522032617541525,-4.3514738245847514e-05,0.00138898,0.001402707890524141,1.3727890524141027e-05,0.00112397,0.0011092217224234506,-1.4748277576549394e-05,3473.9,3583.17430741687,109.27430741686976,2073624.8440207972,2060345.3788853139,-13279.465135483304,0.4827857031046487,0.4912554796288984,0.008469776524249684,A14-950-8-40000,14,950.0,8.0,0.008,40000.0,8.0
0.15,train,0.0007784000000000001,0.0008474001640562644,6.900016405626439e-05,0.0009658499999999999,0.0009529171206185728,-1.2932879381427056e-05,0.00151256,0.0014858629644915501,-2.669703550844992e-05,0.00140137,0.0013363592853836749,-6.501071461632521e-05,3451.7,3495.6064249418478,43.906424941847945,1684985.7391826923,1741538.1694279828,56552.43024529051,0.4774926566189265,0.5161256113453451,0.03863295472641859,A14-950-8-40000,14,950.0,8.0,0.008,40000.0,8.0
0.2,train,0.0009860000000000001,0.0009074567510096536,-7.85432489903465e-05,0.00097976,0.0010153591157978717,3.55991157978716e-05,0.0015,0.0015218159732188897,2.1815973218889707e-05,0.0013139900000000001,0.001440712716413253,0.00012672271641325284,3710.4,3447.2043386632245,-263.19566133677563,1697609.6377672208,1623793.6417117356,-73815.99605548522,0.4474891021477507,0.5399227126266831,0.09243361047893245,A14-950-8-40000,14,950.0,8.0,0.008,40000.0,8.0
0.3,train,0.0008000000000000004,0.0009526568066815887,0.00015265680668158832,0.0010734999999999998,0.0010780750262127394,4.575026212739596e-06,0.00156744,0.0015440815631182576,-2.3358436881742387e-05,0.00156488,0.0015106819756247017,-5.4198024375298314e-05,3267.5,3405.662906515391,138.16290651539111,1551044.5576131686,1564246.500408005,13201.94279483636,0.5687337205837192,0.5844810114925536,0.01574729090883442,A14-950-8-40000,14,950.0,8.0,0.008,40000.0,8.0
0.4,train,0.0010513000000000002,0.000964016172087539,-8.72838279124612e-05,0.0010657000000000002,0.0011021825609513443,3.648256095134419e-05,0.0015122,0.001548243803684562,3.604380368456197e-05,0.00143237,0.0015254506943029218,9.308069430292174e-05,3310.8,3392.9712025993617,82.17120259936155,1526992.5433231397,1556124.0678633451,29131.524540205486,0.5094929803245576,0.6252772901285424,0.1157843098039848,A14-950-8-40000,14,950.0,8.0,0.008,40000.0,8.0
0.5,train,0.0008780999999999997,0.0009668709292445312,8.877092924453153e-05,0.0010847,0.0011114493200134158,2.674932001341568e-05,0.00158432,0.0015490218763343363,-3.529812366566366e-05,0.0015097600000000002,0.0015285679925829744,1.880799258297417e-05,3344.1,3389.093643739115,44.993643739115214,1558831.2994923857,1555016.140446544,-3815.1590458417777,0.7975840493396292,0.662629172783561,-0.1349548765560682,A14-950-8-40000,14,950.0,8.0,0.008,40000.0,8.0
0.6,train,0.0008923000000000004,0.0009675883670708669,7.52883670708665e-05,0.0011499999999999995,0.0011150113940473472,-3.4988605952652324e-05,0.00158216,0.0015491673261320313,-3.299267386796872e-05,0.0015357,0.0015292259744146108,-6.474025585389296e-06,3374.8,3387.908975170249,13.108975170248868,1601481.0830860534,1554865.0153797427,-46616.067706310656,0.6475789905494155,0.696827466954528,0.04924847640511254,A14-950-8-40000,14,950.0,8.0,0.008,40000.0,8.0
0.7,train,0.00115,0.0009677686685838683,-0.00018223133141613166,0.00115,0.0011163806291098128,-3.361937089018719e-05,0.0015,0.0015491945159370653,4.9194515937065223e-05,0.00163645,0.0015293648575280857,-0.0001070851424719143,3518.0,3387.547036211063,-130.4529637889368,1516996.0103871578,1554844.401406779,37848.391019621165,0.7959643361985511,0.7281384275025062,-0.06782590869604488,A14-950-8-40000,14,950.0,8.0,0.008,40000.0,8.0
0.8,validation,0.0009670999999999994,0.0009678139807132226,7.139807132232551e-07,0.0011623000000000007,0.0011169069529982064,-4.539304700179429e-05,0.00153246,0.0015491995986907678,1.673959869076774e-05,0.0015703000000000002,0.001529394172196487,-4.090582780351317e-05,3142.6,3387.436456920265,244.83645692026494,1515283.0449017773,1554841.5895907755,39558.544688998256,0.7078367928482102,0.7568058296113911,0.04896903676318087,A14-950-8-40000,14,950.0,8.0,0.008,40000.0,8.0
0.9,validation,0.0009499999999999986,0.0009678253682442113,1.782536824421275e-05,0.0011831000000000003,0.0011171092680302178,-6.599073196978246e-05,0.00152662,0.0015492005488404717,2.2580548840471677e-05,0.0015528999999999999,0.0015294003597722259,-2.3499640227773967e-05,4636.4,3387.402672826999,-1248.9973271730005,1531771.809252218,1554841.206049512,23069.396797293797,0.6486434174960846,0.7830528667284162,0.13440944923233167,A14-950-8-40000,14,950.0,8.0,0.008,40000.0,8.0
1.0,validation,0.0008993999999999999,0.0009678282300797479,6.842823007974805e-05,0.0012500000000000002,0.0011171870364406595,-0.00013281296355934077,0.00154594,0.0015492007264576674,3.2607264576673973e-06,0.00150554,0.001529401665810998,2.3861665810997936e-05,3289.2,3387.3923511388284,98.1923511388286,1377991.2880228136,1554841.1537331794,176849.86571036582,0.5321966897285251,0.8070838882631155,0.2748871985345904,A14-950-8-40000,14,950.0,8.0,0.008,40000.0,8.0
0.05,train,0.00015102000000000003,0.00015102000000000008,5.421010862427522e-20,0.000475022,0.0004750220000000001,5.421010862427522e-20,0.00075002,0.0007500200000000001,1.0842021724855044e-19,0.00010391190000000001,0.00010391190000000002,1.3552527156068805e-20,2508.0,2508.0,0.0,5093037.2,5093037.2,0.0,0.06642598262163685,0.0664259826216369,5.551115123125783e-17,A15-950-8-70000,15,950.0,8.0,0.008,70000.0,14.0
0.1,train,0.0006499999999999999,0.0006918244602590052,4.182446025900537e-05,0.000857053,0.000735050496415422,-0.00012200250358457797,0.0015,0.00137463401534551,-0.00012536598465449,0.00108566,0.0010335164526577313,-5.214354734226867e-05,4199.4,3290.740096141934,-908.6599038580657,2700616.312178388,2913642.5334931454,213026.2213147576,0.44012727776446664,0.4109793298788199,-0.02914794788564673,A15-950-8-70000,15,950.0,8.0,0.008,70000.0,14.0
0.15,train,0.0008003000000000001,0.0008691650487273893,6.886504872738919e-05,0.00099779,0.0009356261420279245,-6.216385797207539e-05,0.00150442,0.0016005954851740804,9.617548517408037e-05,0.00140733,0.0014251966411268399,1.786664112683983e-05,3823.2,3296.0141574237987,-527.1858425762011,1974939.1053227633,1925704.0203037206,-49235.085019042715,0.6463413021894856,0.5676132346091382,-0.07872806758034745,A15-950-8-70000,15,950.0,8.0,0.008,70000.0,14.0
0.2,train,0.0011883,0.0009273185711729156,-0.0002609814288270844,0.0010725600000000002,0.0010903422218709576,1.778222187095741e-05,0.0015408,0.001682339705753,0.00014153970575300008,0.00150649,0.0015902274271751536,8.37374271751535e-05,3132.1,3296.049693769186,163.94969376918607,1644493.6515837105,1477862.9198171773,-166630.7317665331,0.5249242262460364,0.6388189863638977,0.11389476011786126,A15-950-8-70000,15,950.0,8.0,0.008,70000.0,14.0
0.3,train,0.0009832,0.0009526416094819239,-3.0558390518076184e-05,0.0012499999999999998,0.0013017396022385638,5.1739602238564004e-05,0.00171536,0.0017226096344002862,7.2496344002861805e-06,0.00171667,0.001689059182531412,-2.7610817468588008e-05,3470.3,3296.0499348245453,-174.2500651754549,1490356.9571984436,1182826.3520369164,-307530.6051615272,0.5427711675282687,0.6859045658502478,0.14313339832197913,A15-950-8-70000,15,950.0,8.0,0.008,70000.0,14.0
0.4,train,0.0010706999999999995,0.00095536463413299,-0.00011533536586700948,0.0013583000000000002,0.001427520331775647,6.922033177564671e-05,0.0017494,0.0017278798234276974,-2.1520176572302485e-05,0.00178906,0.0017066045809767476,-8.245541902325245e-05,3069.8,3296.0499348354892,226.24993483548906,1177619.1546920822,1122199.6545281708,-55419.500163911376,0.7205228131634694,0.6956353204948442,-0.024887492668625222,A15-950-8-70000,15,950.0,8.0,0.008,70000.0,14.0
0.5,train,0.0010054,0.0009556574450966601,-4.974255490333994e-05,0.0014608,0.0015023594423425306,4.15594423425307e-05,0.00174882,0.001728569541371524,-2.025045862847621e-05,0.00171475,0.0017097193795098298,-5.030620490170147e-06,2791.6,3296.0499348354897,504.4499348354898,982925.3229652669,1109741.549831283,126816.22686601616,0.5588888105419538,0.6976462883322642,0.13875747779031034,A15-950-8-70000,15,950.0,8.0,0.008,70000.0,14.0
0.6,train,0.0008759000000000006,0.0009556889315029296,7.978893150292895e-05,0.0015499999999999997,0.0015468884611441825,-3.111538855817258e-06,0.00178002,0.0017286598058458267,-5.1360194154173285e-05,0.00164832,0.0017102723432930072,6.195234329300719e-05,2981.8,3296.0499348354897,314.2499348354895,1007140.4908802537,1107181.5493856668,100041.05850541312,0.9920120459954103,0.6980618770292193,-0.29395016896619097,A15-950-8-70000,15,950.0,8.0,0.008,70000.0,14.0
0.7,train,0.0006778000000000001,0.0009556923172838695,0.0002778923172838694,0.0016632,0.0015733830774005554,-8.98169225994447e-05,0.00178118,0.0017286716188998354,-5.25083811001646e-05,0.0017197799999999997,0.0017103705098171847,-9.409490182815065e-06,2901.0,3296.0499348354897,395.0499348354897,902773.7528684908,1106655.4980768196,203881.74520832882,0.6832958627856603,0.6981477630199463,0.014851900234285953,A15-950-8-70000,15,950.0,8.0,0.008,70000.0,14.0
0.8,validation,0.0010864999999999998,0.0009556926813620204,-0.00013080731863797943,0.0015647000000000005,0.0015891472848648894,2.444728486488898e-05,0.00175954,0.001728673164892831,-3.086683510716902e-05,0.00171671,0.001710387937118506,-6.322062881494077e-06,3307.7,3296.0499348354897,-11.650065164510124,1247366.1497326202,1106547.4004473784,-140818.74928524182,0.6386239838817518,0.6981655123077811,0.05954152842602933,A15-950-8-70000,15,950.0,8.0,0.008,70000.0,14.0
0.9,validation,0.0008750999999999993,0.0009556927205118952,8.05927205118959e-05,0.0016500000000000004,0.001598526935227585,-5.1473064772415526e-05,0.0016607,0.0017286733672193706,6.797336721937062e-05,0.00181379,0.001710391030951499,-0.00010339896904850094,3364.3,3296.0499348354897,-68.25006516451049,1144221.5842026826,1106525.187599897,-37696.39660278568,0.5260716540253808,0.698169180393996,0.1720975263686152,A15-950-8-70000,15,950.0,8.0,0.008,70000.0,14.0
1.0,validation,0.0009756000000000001,0.0009556927247217405,-1.9907275278259603e-05,0.0015607,0.0016041077956118102,4.340779561181024e-05,0.00172786,0.0017286733936981637,8.133936981638123e-07,0.0017772299999999999,0.0017103915801933132,-6.683841980668665e-05,3385.1,3296.0499348354897,-89.05006516451022,1171353.1357566766,1106520.623109484,-64832.51264719246,0.6814975543609822,0.6981699384444939,0.016672384083511682,A15-950-8-70000,15,950.0,8.0,0.008,70000.0,14.0
