case_id,time_s,xi_m_min,xi_m_max,y_m_min,y_m_max,z_m_min,z_m_max,Temperature_mean,Temperature_max,Temperature Gradient At Tgrdout_mean,Temperature Gradient At Tgrdout_max,Velocity_Magnitude_mean,Velocity_Magnitude_max,Pressure_mean,Pressure_max,Heat Absorption Rate_mean,Heat Absorption Rate_max,Melt Region_mean,Melt Region_min,case_index,power_W,scan_speed_mm_s,scan_speed_m_s,particle_rate,powder_feed_g_min,unique_points
A1-750-8-60000,0.05,-0.00075,0.0005844400000000001,0.0,0.00066938,-0.0007,0.00021101,2011.4911447084235,3640.8,2620667.721382289,10311000.0,0.10069645166184979,0.42380360929888267,102621.86825053996,104650.0,21995462.958963282,148450000.0,0.7554406015118791,0.076203,1,750.0,8.0,0.008,60000.0,12.0,463
A1-750-8-60000,0.1,-0.0008833290000000001,0.0008,1.7881e-11,0.00078368,-0.000875,0.00035,1976.0808525033829,4213.3,2102209.438430311,21274000.0,0.1201432164912722,0.7481672844685205,102875.41948579162,114590.0,18442386.738836266,132790000.0,0.8327047144790257,0.097844,1,750.0,8.0,0.008,60000.0,12.0,739
A1-750-8-60000,0.15,-0.0010093099999999998,0.0009005,5.9605e-12,0.00077798,-0.0009,0.00047609,1928.7348204570185,3558.8,1655892.9216539718,12675000.0,0.12131784648862882,0.8927805354962662,103094.40696409141,109020.0,13092573.264417846,139090000.0,0.8680866376496191,0.12259,1,750.0,8.0,0.008,60000.0,12.0,919
A1-750-8-60000,0.2,-0.0010818300000000002,0.0009500000000000001,1.1027e-10,0.00085,-0.00089999,0.00050299,1912.2600520833332,3745.9,1589489.1927083333,13722000.0,0.10465251348520405,0.6129727325909367,102916.05520833333,105560.0,14415496.59375,137720000.0,0.8852733505208333,0.086515,1,750.0,8.0,0.008,60000.0,12.0,960
A1-750-8-60000,0.3,-0.0011499999999999998,0.0009500000000000003,2.2948e-10,0.00085151,-0.0008,0.00066445,1885.724703557312,2894.9,1214942.1343873518,3950900.0,0.1047586540419753,0.4869237136348979,103423.46837944664,106170.0,14429628.389328063,128650000.0,0.9021514130434782,0.125,1,750.0,8.0,0.008,60000.0,12.0,1012
A1-750-8-60000,0.4,-0.0011969000000000003,0.0010745999999999998,7.0334e-10,0.00080383,-0.00068251,0.00079472,1858.5687189672294,2672.4,1128888.2542204568,6132900.0,0.12938342699460745,0.7336390652255372,103680.87884806356,107800.0,15568471.767626613,160990000.0,0.9105031996027805,0.064607,1,750.0,8.0,0.008,60000.0,12.0,1007
A1-750-8-60000,0.5,-0.0011883000000000002,0.0014806999999999997,3.2783e-11,0.00078893,-0.00049998,0.00080507,1850.7419321685509,3013.6,1195694.1870503598,6210200.0,0.10567149514508192,0.5427410284297659,103130.46248715314,109630.0,17246140.10791367,214320000.0,0.9044980308324769,0.065703,1,750.0,8.0,0.008,60000.0,12.0,973
A1-750-8-60000,0.6,-0.0011877999999999997,0.0008885000000000004,7.3911e-10,0.00085,-0.00049999,0.00088918,1845.1534303534304,2670.2,1055141.6237006236,7745500.0,0.11151152115023968,0.5117913781258923,103655.72245322245,111600.0,17976409.38253638,137600000.0,0.9152873212058212,0.072749,1,750.0,8.0,0.008,60000.0,12.0,962
A1-750-8-60000,0.7,-0.0011885000000000003,0.0009684000000000003,2.6227e-09,0.000831,-0.00049999,0.00087771,1854.138888888889,2908.9,1098666.6245954693,5302900.0,0.11171306031602747,0.6582166341175221,103727.30852211434,110040.0,17793880.075512405,170520000.0,0.9121083538295577,0.095084,1,750.0,8.0,0.008,60000.0,12.0,927
A1-750-8-60000,0.8,-0.0012500000000000002,0.0008752999999999999,2.7628e-09,0.00082773,-0.00049998,0.00089528,1859.8274948024948,2941.6,1111846.1995841996,5581300.0,0.11265648313259449,0.5314217369737148,103492.68503118503,118880.0,18497420.738045737,149260000.0,0.9037391995841996,0.11591,1,750.0,8.0,0.008,60000.0,12.0,962
A1-750-8-60000,0.9,-0.0012515000000000009,0.001291699999999999,1.5796e-09,0.00082114,-0.00057499,0.00088805,1851.815435222672,2898.8,1177140.532388664,10563000.0,0.13615343095688542,0.9048788361300092,103170.81123481781,105200.0,17183251.477732792,181290000.0,0.891691101214575,0.087663,1,750.0,8.0,0.008,60000.0,12.0,988
A1-750-8-60000,1.0,-0.0012500000000000002,0.0009499999999999995,9.3581e-10,0.00081244,-0.0006,0.00085708,1855.1466310160429,2873.0,1090590.7101604277,8753300.0,0.1050771061946189,0.5521583840031771,103561.97860962567,106720.0,17403705.10160428,158380000.0,0.9034414395721926,0.088591,1,750.0,8.0,0.008,60000.0,12.0,935
A10-550-8-40000,0.05,-0.00065,0.0005831600000000001,0.0,0.00056629,-0.00048636,0.00021059,1891.4728476821194,3107.1,2358009.4701986755,9313600.0,0.09622137921409994,0.38052116545732384,102863.28642384105,106900.0,23473379.470198676,113000000.0,0.7503768543046357,0.12159,10,550.0,8.0,0.008,40000.0,8.0,302
A10-550-8-40000,0.1,-0.0007781740000000001,0.0006147999999999999,1.4901e-11,0.00065555,-0.0005,0.00035062,1907.8584801762115,2764.1,1726392.114537445,5620700.0,0.10583181732780435,0.5573775532843155,103625.07709251101,108250.0,21698542.731277533,103690000.0,0.8453608810572687,0.10046,10,550.0,8.0,0.008,40000.0,8.0,454
A10-550-8-40000,0.15,-0.0007971199999999999,0.0006654,5.3644e-11,0.00068629,-0.00050398,0.00040076,1889.564619883041,2730.0,1633524.580896686,5822900.0,0.09661284251147108,0.396019302938632,103250.9746588694,111810.0,15715964.717348928,112930000.0,0.8662806042884991,0.08304,10,550.0,8.0,0.008,40000.0,8.0,513
A10-550-8-40000,0.2,-0.0008717700000000001,0.00075,1.1921e-11,0.00067502,-0.0005,0.00047144,1860.2326642335765,2783.7,1534039.397810219,6523000.0,0.10092184745488685,0.459517294029289,103414.66240875912,105810.0,19649683.94160584,117790000.0,0.8818356587591241,0.093631,10,550.0,8.0,0.008,40000.0,8.0,548
A10-550-8-40000,0.3,-0.0009036999999999997,0.0007032000000000002,2.6822e-11,0.00068361,-0.00047771,0.00058219,1862.8739830508473,2649.8,1382994.3305084745,8196200.0,0.10505240002558293,0.4375614183506128,103801.7372881356,105500.0,18258240.84745763,107450000.0,0.8977111779661017,0.125,10,550.0,8.0,0.008,40000.0,8.0,590
A10-550-8-40000,0.4,-0.0008980000000000004,0.0008728999999999998,9.8348e-11,0.00067044,-0.00037806,0.00057676,1852.3027240773285,2804.2,1351148.3831282952,5757400.0,0.09563589903414023,0.517344184271941,103449.06854130053,112090.0,18836353.60281195,116640000.0,0.8996703664323374,0.121561,10,550.0,8.0,0.008,40000.0,8.0,569
A10-550-8-40000,0.5,-0.0009499999999999999,0.0010007999999999996,9.5368e-11,0.00067331,-0.0003,0.00066085,1830.2242881072025,2613.1,1244846.6666666667,4872800.0,0.10911757697109917,0.5667470747700071,103720.36348408711,117520.0,18404322.02680067,104340000.0,0.9148822110552763,0.125,10,550.0,8.0,0.008,40000.0,8.0,597
A10-550-8-40000,0.6,-0.0009530999999999997,0.0007121000000000002,2.9802e-11,0.00069169,-0.0003,0.00067911,1852.2106440071557,2565.9,1236110.1788908765,4516500.0,0.09534480343987974,0.36135239227103505,103750.73345259392,106170.0,19095497.94275492,106590000.0,0.9091030411449016,0.125,10,550.0,8.0,0.008,40000.0,8.0,559
A10-550-8-40000,0.7,-0.0009500000000000003,0.0007499999999999998,1.7881e-10,0.00069108,-0.0003,0.00066722,1848.6714408233274,2645.0,1225626.7324185248,4203200.0,0.09974094591311647,0.41639365473071277,103800.87478559176,109300.0,19556856.706689537,107470000.0,0.9081307289879931,0.098235,10,550.0,8.0,0.008,40000.0,8.0,583
A10-550-8-40000,0.8,-0.0009976000000000004,0.0006137999999999994,8.5236e-10,0.00070396,-0.0003,0.00069818,1835.3518932874354,2540.1,1166729.3115318418,6027300.0,0.10293415488007014,0.40885876932750265,104278.0808950086,106945.0,20430876.419965576,110820000.0,0.9030364027538725,0.10441,10,550.0,8.0,0.008,40000.0,8.0,581
A10-550-8-40000,0.9,-0.0009500000000000003,0.0007022999999999986,1.6093e-10,0.00069882,-0.0003,0.00067473,1846.9674028268553,2593.9,1256371.8197879859,6097700.0,0.10445207416327695,0.40202704320605104,103919.67314487633,108600.0,20551811.37809187,106130000.0,0.9036689929328622,0.125,10,550.0,8.0,0.008,40000.0,8.0,566
A10-550-8-40000,1.0,-0.0009500000000000003,0.0007500000000000007,4.1723e-11,0.00070257,-0.0004,0.00062681,1855.2290294627383,2589.6,1268735.389948007,4253600.0,0.09651012839629275,0.4491352363152996,103914.58405545927,105250.0,19042169.93067591,100110000.0,0.9000442972270365,0.10484950000000001,10,550.0,8.0,0.008,40000.0,8.0,577
A11-550-8-70000,0.05,-0.00079189,0.00057701,8.9407e-11,0.00059935,-0.0006,0.00030057,2033.834624145786,3499.9,2650313.6826119972,13028000.0,0.112168919993008,0.46543648335514054,102851.79043280182,106180.0,19514456.2642369,166090000.0,0.7858297881548976,0.088387,11,550.0,8.0,0.008,70000.0,14.0,439
A11-550-8-70000,0.1,-0.00096481,0.0007597,2.0266e-10,0.0007553,-0.00069998,0.00045399,1905.4403571428572,2914.2,1791309.657142857,11698000.0,0.10272282506632868,0.7179225455437376,103741.10714285714,116210.0,15331145.285714285,103750000.0,0.8651377685714287,0.125,11,550.0,8.0,0.008,70000.0,14.0,700
A11-550-8-70000,0.15,-0.00105,0.0008500000000000003,2.3842e-10,0.00076296,-0.0006,0.00059207,1873.3037809647979,2704.5,1475100.7561929596,6925900.0,0.09113030791890003,0.6089979804564215,103886.34941329857,114670.0,12201614.524119947,102100000.0,0.9071674902216428,0.10501,11,550.0,8.0,0.008,70000.0,14.0,767
A11-550-8-70000,0.2,-0.00109014,0.0008564999999999998,1.5795e-10,0.0007783,-0.00049328,0.00071248,1838.0560209424084,2654.2,1148809.2303664922,5479400.0,0.10074817618349124,0.41884263178430153,104161.75654450261,116190.0,14614680.510471204,104740000.0,0.9255022709424084,0.125,11,550.0,8.0,0.008,70000.0,14.0,764
A11-550-8-70000,0.3,-0.0012499999999999998,0.0005159000000000001,1.846e-08,0.00077622,-9.9159e-05,0.0010586,1763.8475308641976,2246.3,767940.6643518518,3406700.0,0.11415637401410333,0.7561179145715303,105161.08024691358,111280.0,18152465.200617284,104220000.0,0.9890822530864197,0.39018,11,550.0,8.0,0.008,70000.0,14.0,648
A11-550-8-70000,0.4,-0.0012500000000000002,0.00065,1.1918e-08,0.00077872,-9.9812e-05,0.0010296,1799.5425261584453,2421.2,887080.8325859492,5015300.0,0.10490723930935868,0.8044921919751614,104279.31240657698,106770.0,21537439.91180867,145960000.0,0.9422712406576981,0.125,11,550.0,8.0,0.008,70000.0,14.0,669
A11-550-8-70000,0.5,-0.0012753,0.0007063,1.3858e-09,0.00069379,-0.00019754,0.00098108,1814.2038354253834,2644.7,1034368.4616457461,4107200.0,0.09332478506237409,0.3932758902615313,103579.56066945607,109980.0,19115690.641562063,167130000.0,0.9289859344490934,0.10147,11,550.0,8.0,0.008,70000.0,14.0,717
A11-550-8-70000,0.6,-0.0011961999999999997,0.0007500000000000007,1.6213e-09,0.00077427,-0.00029983,0.00090467,1802.6544568245124,2501.9,950429.2409470752,7235700.0,0.10351037232071479,0.5067717556257452,103853.90668523677,106540.0,18242287.98050139,130650000.0,0.9185081476323119,0.125,11,550.0,8.0,0.008,70000.0,14.0,718
A11-550-8-70000,0.7,-0.0012500000000000002,0.0004578999999999998,2.5876e-08,0.00075657,-0.00018902,0.0010661,1766.706617647059,2533.4,845117.9007352941,4254300.0,0.10990627527527405,0.795258689169757,105274.7794117647,113940.0,18344426.614705883,176140000.0,0.975590705882353,0.25,11,550.0,8.0,0.008,70000.0,14.0,680
A11-550-8-70000,0.8,-0.0012113000000000002,0.0008920999999999998,9.2464e-09,0.00071125,-0.00019996,0.00098364,1807.6009615384614,2541.2,906844.348901099,3521200.0,0.11524854325176238,0.8446600170222336,103706.08516483517,114210.0,18601824.587912086,137360000.0,0.9371794354395604,0.11519,11,550.0,8.0,0.008,70000.0,14.0,728
A11-550-8-70000,0.9,-0.0011500000000000008,0.0007714999999999987,1.5669e-08,0.00075,-0.00019994,0.00096564,1828.0280281690139,2695.2,1000498.352112676,7527800.0,0.10073340880054628,0.7275641559230361,103957.00704225352,112960.0,18576983.366197184,112470000.0,0.9269285014084507,0.073316,11,550.0,8.0,0.008,70000.0,14.0,710
A11-550-8-70000,1.0,-0.0010963000000000006,0.0006856999999999992,1.1676e-08,0.00076929,-0.00029993,0.00095,1799.1878321678323,2356.9,878232.7538461538,5470000.0,0.12024113260261299,1.7709100052009983,103903.61678321678,107490.0,18025633.25874126,116490000.0,0.9282833216783217,0.125,11,550.0,8.0,0.008,70000.0,14.0,715
A12-950-6-60000,0.05,-0.00047479,0.00015016999999999998,2.5579e-05,0.00037499,-9.9967e-05,7.5663e-07,1641.3070048309178,2106.1,5351820.845410627,21636000.0,0.024859368560900888,0.11349342413549782,101104.95169082125,103770.0,93652427.53623189,178370000.0,0.6352515217391305,0.13052,12,950.0,6.0,0.006,60000.0,12.0,69
A12-950-6-60000,0.1,-0.00070076,0.0005554,0.0,0.00060034,-0.00069868,0.00010261,1791.7685359116022,2591.4,2440123.2044198895,28309000.0,0.07317351684875284,0.2535069383053647,101779.79281767955,103870.0,44292226.51933701,190460000.0,0.6966454419889503,0.125,12,950.0,6.0,0.006,60000.0,12.0,362
A12-950-6-60000,0.15,-0.0008938533999999999,0.0007700000000000001,1.1921e-11,0.00075,-0.001,0.00029678,2013.9298666666666,4022.6,2295311.986666667,10266000.0,0.1300168352079015,0.5892273584992468,102391.044,107360.0,19433025.2,293430000.0,0.79663708,0.10455,12,950.0,6.0,0.006,60000.0,12.0,750
A12-950-6-60000,0.2,-0.0009654100000000001,0.0009053999999999998,0.0,0.00078639,-0.0011,0.00039954,1977.166944734098,4111.5,1995115.2502606881,23332000.0,0.1239980362053845,0.7984951435043297,102736.15328467153,109550.0,22295934.41084463,490020000.0,0.8355016371220021,0.064823,12,950.0,6.0,0.006,60000.0,12.0,959
A12-950-6-60000,0.3,-0.0010193,0.00115,2.0862e-11,0.00085446,-0.0011,0.00055724,1919.7178571428572,3568.6,1480938.0462184874,7878900.0,0.11345991909021642,0.782243046268869,103159.5756302521,106050.0,15187256.890756303,172260000.0,0.8822210924369749,0.074089,12,950.0,6.0,0.006,60000.0,12.0,1190
A12-950-6-60000,0.4,-0.0011097000000000001,0.0010701999999999999,6.8545e-11,0.00087996,-0.001,0.00075,1893.7833869670153,3097.7,1209175.7594529365,4138800.0,0.11016871733261636,0.5263429838650839,103570.3161705551,106460.0,15502329.975864843,213700000.0,0.9041820651649235,0.088497,12,950.0,6.0,0.006,60000.0,12.0,1243
A12-950-6-60000,0.5,-0.001182,0.00115,2.1458e-10,0.00085,-0.00075,0.00086203,1859.9975021910604,2770.1,1095489.0210341807,3956100.0,0.1156391280199078,0.5278759464892122,103556.68624014023,107030.0,18472268.133216478,212170000.0,0.9305364566170027,0.073542,12,950.0,6.0,0.006,60000.0,12.0,1141
A12-950-6-60000,0.6,-0.0012499999999999998,0.0007914000000000003,1.5407e-08,0.00088299,-0.0004096,0.001106,1770.3214743589742,2287.6,751623.9412393162,4544600.0,0.11016105842230606,0.6198657966535982,104412.43055555556,109540.0,23181648.269230768,221360000.0,0.9854438675213675,0.37393,12,950.0,6.0,0.006,60000.0,12.0,936
A12-950-6-60000,0.7,-0.0013693,0.0007559000000000003,3.0867e-08,0.00086908,-0.00029987,0.0011714,1839.5875667022412,2846.5,1014825.029882604,3767500.0,0.10540729900568338,0.6155065324465777,104059.86125933831,108770.0,26338456.179295626,200840000.0,0.9478343415154749,0.125,12,950.0,6.0,0.006,60000.0,12.0,937
A12-950-6-60000,0.8,-0.0012734000000000005,0.0008712999999999993,2.414e-10,0.00086626,-0.0006667,0.0010236,1887.1096880907373,3339.7,1268500.4007561437,11889000.0,0.10522729837471363,0.5050801474380081,103166.37996219282,114330.0,20124991.79584121,199740000.0,0.8843414593572779,0.083914,12,950.0,6.0,0.006,60000.0,12.0,1058
A12-950-6-60000,0.9,-0.0012839000000000001,0.0009499999999999995,7.4507e-10,0.00087487,-0.00080915,0.00098063,1893.934437919463,3130.0,1226022.5788590603,5162800.0,0.10878940589191222,0.4938726984446498,103364.3582214765,110590.0,17619159.169463087,183460000.0,0.8949977877516779,0.09768099999999999,12,950.0,6.0,0.006,60000.0,12.0,1192
A12-950-6-60000,1.0,-0.0012713000000000004,0.0009851999999999994,8.5832e-10,0.00088036,-0.00079999,0.0009995,1865.491324013158,2820.2,1039738.2409539474,5810700.0,0.10936452371052695,0.5567163617220173,103704.71217105263,105980.0,17916743.20723684,188830000.0,0.915698296875,0.077881,12,950.0,6.0,0.006,60000.0,12.0,1216
A13-950-10-60000,0.05,-0.000592541,0.00045,0.0,0.00049064,-0.00038882,8.8087e-05,2341.3310096153846,4882.3,6006076.153846154,14927000.0,0.13166620744909763,0.6414945856357636,101427.96634615384,111160.0,57908194.711538464,278880000.0,0.6606015697115384,0.062556,13,950.0,10.0,0.01,60000.0,12.0,208
A13-950-10-60000,0.1,-0.000904462,0.00065,0.0,0.00068895,-0.0009,0.0002151,1947.2000811688313,3151.2,2120456.1931818184,12736000.0,0.10183726738718726,0.4409295011631678,102348.15746753247,104220.0,27818346.59090909,203520000.0,0.7871045673701298,0.11174,13,950.0,10.0,0.01,60000.0,12.0,616
A13-950-10-60000,0.15,-0.0010500000000000002,0.0008500000000000001,1.1921e-11,0.00076492,-0.0011,0.00029922,1934.473869900772,3367.7,1681171.9955898568,7183000.0,0.10872151582634643,0.44110644419346223,102566.18302094819,106200.0,14894566.824696803,175070000.0,0.8288796097023153,0.063574,13,950.0,10.0,0.01,60000.0,12.0,907
A13-950-10-60000,0.2,-0.0011557,0.000905,5.9605e-12,0.00075,-0.0010681,0.00040502,1964.7646294513954,3755.2,1787916.6265640038,11591000.0,0.1178838921883041,0.738015608845775,102810.26371511069,112030.0,17094843.984600578,172710000.0,0.8562509836381136,0.125,13,950.0,10.0,0.01,60000.0,12.0,1039
A13-950-10-60000,0.3,-0.0012545,0.0009782999999999997,8.9407e-12,0.00080318,-0.00105,0.00049406,1930.19863740677,3206.5,1545914.0992541595,12878000.0,0.11111366790118343,0.4429878983865022,102974.81353987378,104960.0,15338820.223752152,181900000.0,0.8724275929432014,0.078806,13,950.0,10.0,0.01,60000.0,12.0,1162
A13-950-10-60000,0.4,-0.0014196,0.0009500000000000003,4.4704e-11,0.00078997,-0.0011,0.00061006,1898.629186228482,3208.1,1405941.9248826292,13164000.0,0.11832361009933273,0.5965075471953393,103113.5054773083,112610.0,15665344.921752738,185070000.0,0.8906164788732395,0.11612,13,950.0,10.0,0.01,60000.0,12.0,1278
A13-950-10-60000,0.5,-0.0014903,0.0008926999999999997,2.3842e-11,0.00080196,-0.001,0.00066985,1903.1636755485895,3291.1,1341847.5862068965,7543600.0,0.11820760028340085,0.5537230002456102,103264.74137931035,106100.0,14596511.622257054,186250000.0,0.8916490595611286,0.06814,13,950.0,10.0,0.01,60000.0,12.0,1276
A13-950-10-60000,0.6,-0.0015500000000000002,0.0008988,2.3842e-11,0.00080716,-0.001,0.00065588,1906.9497172963247,3484.3,1338299.2958108457,9597200.0,0.11758986951299435,1.1371909762656403,103043.24338216397,104770.0,15549937.938833205,258130000.0,0.8852632108712414,0.071385,13,950.0,10.0,0.01,60000.0,12.0,1297
A13-950-10-60000,0.7,-0.0015499999999999993,0.0009014000000000001,6.5565e-11,0.00077628,-0.001,0.00066673,1909.692431372549,3383.3,1351625.737254902,9550300.0,0.11818894581360483,0.6732955370125365,103157.41725490196,106270.0,14835688.752941176,184270000.0,0.8882283074509804,0.073097,13,950.0,10.0,0.01,60000.0,12.0,1275
A13-950-10-60000,0.8,-0.0015500000000000002,0.0009537,4.1723e-11,0.00085,-0.001,0.00063695,1901.8749215070643,3264.7,1345417.4128728413,9229700.0,0.11200796077573087,0.5931862755737021,103108.62637362638,106490.0,14914396.813186813,198990000.0,0.8807462786499215,0.073429,13,950.0,10.0,0.01,60000.0,12.0,1274
A13-950-10-60000,0.9,-0.001486900000000001,0.0007999999999999986,3.5763e-11,0.00085,-0.001,0.00063095,1882.6957212713935,3378.7,1410636.401792991,8278600.0,0.10726039517223257,0.6424285136114368,102944.64955175224,105870.0,15216800.87204564,205080000.0,0.8945088736756317,0.091278,13,950.0,10.0,0.01,60000.0,12.0,1227
A13-950-10-60000,1.0,-0.0015823,-0.00030460000000000036,7.4506e-11,0.00065,-0.0001107,0.00088228,1719.8962068965516,2027.2,677200.4011494253,3007800.0,0.051868463202561804,0.19324982082527267,103681.55172413793,104960.0,13532606.0,148310000.0,0.9990077931034483,0.86829,13,950.0,10.0,0.01,60000.0,12.0,435
A14-950-8-40000,0.05,-0.00068976,0.0004886299999999999,0.0,0.00060519,-0.0005,0.00011483,1907.079769736842,3741.6,2923553.5361842103,21492000.0,0.08854624287855212,0.46526393367206104,102155.36184210527,103490.0,39146580.921052635,187160000.0,0.7433665789473685,0.125,14,950.0,8.0,0.008,40000.0,8.0,304
A14-950-8-40000,0.1,-0.000895718,0.0007794999999999999,0.0,0.00069449,-0.0009,0.00022397,1905.7100519930675,3473.9,2073624.8440207972,13684000.0,0.0997255832229829,0.4827857031046487,102435.25129982669,104200.0,27297281.71577123,178480000.0,0.7687111152512999,0.064406,14,950.0,8.0,0.008,40000.0,8.0,577
A14-950-8-40000,0.15,-0.0009658499999999999,0.0007784000000000001,0.0,0.00075628,-0.0010996,0.00030177,1918.049699519231,3451.7,1684985.7391826923,13712000.0,0.10579139559489194,0.4774926566189265,102539.85817307692,104100.0,17053141.947115384,212510000.0,0.8198003888221154,0.076406,14,950.0,8.0,0.008,40000.0,8.0,832
A14-950-8-40000,0.2,-0.00097976,0.0009860000000000001,0.0,0.00075,-0.001,0.00031399,1910.109382422803,3710.4,1697609.6377672208,13235000.0,0.10376866519822071,0.4474891021477507,102378.27790973871,103320.0,20001184.560570072,203680000.0,0.8647267802850357,0.087161,14,950.0,8.0,0.008,40000.0,8.0,842
A14-950-8-40000,0.3,-0.0010734999999999998,0.0008000000000000004,0.0,0.00078372,-0.0011,0.00046488,1919.9185185185186,3267.5,1551044.5576131686,10461000.0,0.1126736124229508,0.5687337205837192,103011.65637860082,106530.0,19230583.02469136,186080000.0,0.8562269053497943,0.069805,14,950.0,8.0,0.008,40000.0,8.0,972
A14-950-8-40000,0.4,-0.0010657000000000002,0.0010513000000000002,2.0862e-11,0.0007561,-0.001,0.00043237,1904.3141692150866,3310.8,1526992.5433231397,13553000.0,0.10326288871097968,0.5094929803245576,102612.47706422018,105020.0,18238593.67991845,217840000.0,0.8705627940876657,0.089997,14,950.0,8.0,0.008,40000.0,8.0,981
A14-950-8-40000,0.5,-0.0010847,0.0008780999999999997,2.9802e-12,0.00079216,-0.001,0.00050976,1926.184111675127,3344.1,1558831.2994923857,7389700.0,0.12131140120438651,0.7975840493396292,103010.62436548223,107260.0,19357937.766497463,181560000.0,0.8697011969543147,0.070056,14,950.0,8.0,0.008,40000.0,8.0,985
A14-950-8-40000,0.6,-0.0011499999999999995,0.0008923000000000004,1.1921e-11,0.00079108,-0.001,0.0005357,1922.9060830860535,3374.8,1601481.0830860534,8559600.0,0.11543500955031388,0.6475789905494155,102983.54599406528,106310.0,18472100.098911967,171730000.0,0.881099540553907,0.080335,14,950.0,8.0,0.008,40000.0,8.0,1011
A14-950-8-40000,0.7,-0.00115,0.00115,2.9802e-11,0.00075,-0.0011,0.00053645,1907.9779508970726,3518.0,1516996.0103871578,10034000.0,0.11749010836557054,0.7959643361985511,102803.73843248347,105430.0,18018988.68744098,167970000.0,0.8676700802644004,0.094967,14,950.0,8.0,0.008,40000.0,8.0,1059
A14-950-8-40000,0.8,-0.0011623000000000007,0.0009670999999999994,5.9605e-12,0.00076623,-0.001,0.0005703,1910.0484565014033,3142.6,1515283.0449017773,9057600.0,0.111048047328411,0.7078367928482102,103139.73339569691,105750.0,17971844.23760524,184460000.0,0.8829091309635173,0.094516,14,950.0,8.0,0.008,40000.0,8.0,1069
A14-950-8-40000,0.9,-0.0011831000000000003,0.0009499999999999986,2.0862e-11,0.00076331,-0.00096609,0.00058681,1917.2948669201521,4636.4,1531771.8092522179,17988000.0,0.11520946215894717,0.6486434174960846,103213.16698352345,117450.0,18289369.372623574,163360000.0,0.8881481245247148,0.068587,14,950.0,8.0,0.008,40000.0,8.0,1052
A14-950-8-40000,1.0,-0.0012500000000000002,0.0008993999999999999,1.4901e-11,0.00077297,-0.0009,0.00060554,1895.5893060836502,3289.2,1377991.2880228136,8199500.0,0.11600164874428687,0.5321966897285251,103486.81558935362,108700.0,17927314.391634982,190220000.0,0.8881485598859316,0.12359,14,950.0,8.0,0.008,40000.0,8.0,1052
A15-950-8-70000,0.05,-0.000475022,0.00015102000000000003,2.4657e-05,0.00037501,-0.0001,3.9119e-06,1826.776,2508.0,5093037.2,25371000.0,0.015379045229551585,0.06642598262163685,101321.33333333333,104100.0,94556266.66666667,178260000.0,0.6623737333333334,0.125,15,950.0,8.0,0.008,70000.0,14.0,75
A15-950-8-70000,0.1,-0.000857053,0.0006499999999999999,1.7881e-11,0.00075,-0.000875,0.00021066,2026.3759005145796,4199.4,2700616.312178388,14035000.0,0.10747518656745407,0.44012727776446664,102209.16723842196,108020.0,29435008.83361921,189270000.0,0.7727021226415095,0.069334,15,950.0,8.0,0.008,70000.0,14.0,583
A15-950-8-70000,0.15,-0.00099779,0.0008003000000000001,5.9605e-12,0.00075221,-0.001077,0.00033033,1961.814873537184,3823.2,1974939.1053227633,10857000.0,0.11613578222527866,0.6463413021894856,102769.75651189128,105240.0,15054766.194790486,177180000.0,0.840812178369196,0.10691,15,950.0,8.0,0.008,70000.0,14.0,883
A15-950-8-70000,0.2,-0.0010725600000000002,0.0011883,3.2783e-11,0.0007704,-0.0011,0.00040649,1940.5021266968326,3132.1,1644493.6515837105,8294700.0,0.11901303244171786,0.5249242262460364,102617.55656108598,104850.0,16426659.628959276,198040000.0,0.8504255773755657,0.066966,15,950.0,8.0,0.008,70000.0,14.0,1105
A15-950-8-70000,0.3,-0.0012499999999999998,0.0009832,3.3975e-10,0.00085768,-0.0011,0.00061667,1928.7903501945525,3470.3,1490356.9571984436,11082000.0,0.11645139848392208,0.5427711675282687,103350.25836575875,106600.0,14156013.385214008,197080000.0,0.888850211154345,0.078658,15,950.0,8.0,0.008,70000.0,14.0,1285
A15-950-8-70000,0.4,-0.0013583000000000002,0.0010706999999999995,5.6029e-10,0.0008747,-0.00099999,0.00078907,1885.639882697947,3069.8,1177619.1546920822,5082000.0,0.11200288086264426,0.7205228131634694,103609.91348973606,108140.0,14767069.816715542,179680000.0,0.9124011913489737,0.12453,15,950.0,8.0,0.008,70000.0,14.0,1364
A15-950-8-70000,0.5,-0.0014608,0.0010054,2.3932e-09,0.00087441,-0.00079996,0.00091479,1855.535069984448,2791.6,982925.3229652669,3319600.0,0.11902094925539201,0.5588888105419538,103513.72006220839,109100.0,17678483.91912908,182550000.0,0.9176301430793158,0.085805,15,950.0,8.0,0.008,70000.0,14.0,1286
A15-950-8-70000,0.6,-0.0015499999999999997,0.0008759000000000006,2.4469e-09,0.00089001,-0.00065,0.00099832,1864.1788263283108,2981.8,1007140.4908802537,5551600.0,0.12116722889526864,0.9920120459954103,103766.3973037272,106070.0,18371051.34179223,208560000.0,0.9242952430610627,0.086134,15,950.0,8.0,0.008,70000.0,14.0,1261
A15-950-8-70000,0.7,-0.0016632,0.0006778000000000001,3.1873e-08,0.00089059,-0.00060898,0.0011108,1809.9172992056488,2901.0,902773.7528684908,7414200.0,0.10996789063300447,0.6832958627856603,104056.81376875551,107400.0,20910301.37864078,190250000.0,0.9302858075904676,0.125,15,950.0,8.0,0.008,70000.0,14.0,1133
A15-950-8-70000,0.8,-0.0015647000000000005,0.0010864999999999998,1.9074e-09,0.00087977,-0.00080558,0.00091113,1893.2567990832697,3307.7,1247366.1497326202,6297800.0,0.12275839681918427,0.6386239838817518,102884.6256684492,105470.0,15985206.92131398,203590000.0,0.8874440473644003,0.081168,15,950.0,8.0,0.008,70000.0,14.0,1309
A15-950-8-70000,0.9,-0.0016500000000000004,0.0008750999999999993,2.1339e-09,0.00083035,-0.00089997,0.00091382,1887.8631147540982,3364.3,1144221.5842026826,6654300.0,0.11747899768709615,0.5260716540253808,103431.31520119225,106970.0,15899702.123695977,202560000.0,0.9013599515648286,0.1101,15,950.0,8.0,0.008,70000.0,14.0,1342
A15-950-8-70000,1.0,-0.0015607,0.0009756000000000001,5.0068e-10,0.00086393,-0.00087499,0.00090224,1885.723590504451,3385.1,1171353.1357566766,6412100.0,0.11590913505924486,0.6814975543609822,103301.52818991098,107680.0,15894260.137240356,215680000.0,0.9050952106824925,0.082564,15,950.0,8.0,0.008,70000.0,14.0,1348
A2-550-8-60000,0.05,-0.0006763299999999999,0.00075,2.0862e-11,0.00065,-0.000575,0.00026375,2003.9191037735848,4269.9,2677022.4764150945,13552000.0,0.10176264719193695,0.562152873869733,102678.32311320755,113070.0,19287232.193396226,102220000.0,0.7708938207547169,0.12361,2,550.0,8.0,0.008,60000.0,12.0,424
A2-550-8-60000,0.1,-0.0008500000000000001,0.0011870000000000001,0.0,0.00065251,-0.00059999,0.00038068,1916.1341653666148,3481.8,1879154.6801872074,10830000.0,0.11243331314214354,0.5052027261812826,102675.95943837754,104930.0,16805009.797191888,133540000.0,0.8491332449297971,0.11819,2,550.0,8.0,0.008,60000.0,12.0,641
A2-550-8-60000,0.15,-0.0009645499999999999,0.0009599000000000003,3.2783e-11,0.00069584,-0.00056581,0.0005572,1872.038796680498,2853.5,1414423.8312586446,7607200.0,0.10459247092462241,0.4704857214624053,104063.29875518673,105990.0,12283601.02351314,108450000.0,0.9034065338865837,0.069711,2,550.0,8.0,0.008,60000.0,12.0,723
A2-550-8-60000,0.2,-0.00099052,0.0008707000000000001,5.5731e-10,0.00070691,-0.00040002,0.00069868,1852.3324305555557,2487.8,1083672.6805555555,5082900.0,0.10437722268935914,0.4258421436976383,104324.88194444444,107420.0,16233120.361111112,111910000.0,0.9209441944444445,0.125,2,550.0,8.0,0.008,60000.0,12.0,720
A2-550-8-60000,0.3,-0.0012526999999999998,0.0007050000000000003,1.3626e-08,0.00069842,-0.00017485,0.00090123,1800.7379509379507,2575.3,972914.5238095238,3354000.0,0.11219651691465173,0.42425212869614454,104335.67676767676,107810.0,19057328.177489176,122140000.0,0.9684993261183261,0.065943,2,550.0,8.0,0.008,60000.0,12.0,693
A2-550-8-60000,0.4,-0.0012361,0.00065,9.6578e-09,0.00072221,-0.00020117,0.00095108,1827.4095481049562,2581.3,1000998.2055393585,5128800.0,0.12138165652130163,0.7822958993245458,104174.04518950437,106920.0,20110440.79154519,135870000.0,0.9258318221574344,0.125,2,550.0,8.0,0.008,60000.0,12.0,686
A2-550-8-60000,0.5,-0.0010565000000000001,0.0008107000000000001,1.365e-09,0.0007091,-0.00029999,0.00085,1842.924416909621,2634.9,1085156.3309037902,4369600.0,0.10893986405672575,0.5424746100049291,103803.40379008747,107630.0,18523601.89504373,157290000.0,0.923862833819242,0.074354,2,550.0,8.0,0.008,60000.0,12.0,686
A2-550-8-60000,0.6,-0.0009528999999999996,0.0008610000000000007,5.0908e-09,0.00075,-0.00019998,0.000832,1834.215667166417,2421.2,1034522.4857571215,3809400.0,0.10535418266158025,0.7111317229346473,104004.78110944528,112880.0,14917600.314842578,99156000.0,0.9242050374812594,0.125,2,550.0,8.0,0.008,60000.0,12.0,667
A2-550-8-60000,0.7,-0.0010499999999999997,0.0006969000000000003,1.0302e-08,0.00075235,-0.00017492,0.00096949,1791.9079652996843,2225.4,937717.0883280757,9257200.0,0.10269098247062654,0.46524961837706,104456.15930599369,109680.0,22581852.0977918,139460000.0,0.9490680441640379,0.125,2,550.0,8.0,0.008,60000.0,12.0,634
A2-550-8-60000,0.8,-0.0012231000000000004,0.0007082999999999994,2.2069e-08,0.00070449,-9.9928e-05,0.00099526,1824.9913333333332,2738.9,1096722.411851852,5276100.0,0.10243318265843908,0.48025738452313255,103735.3037037037,106300.0,20373568.044444446,168030000.0,0.9447443407407408,0.11083,2,550.0,8.0,0.008,60000.0,12.0,675
A2-550-8-60000,0.9,-0.0010811000000000006,0.000797,9.0601e-10,0.00075087,-0.00029999,0.00080401,1832.547515060241,2483.2,1059671.2093373493,3696800.0,0.09566771176498508,0.4709289057214475,103416.35542168675,105760.0,17056299.412650604,97155000.0,0.8997505195783133,0.125,2,550.0,8.0,0.008,60000.0,12.0,664
A2-550-8-60000,1.0,-0.0010729,0.0008500000000000001,6.5127e-09,0.00075,-0.00029998,0.00085355,1812.062980769231,2592.2,994067.2912087912,6027300.0,0.11212319334454751,0.4397621809506702,104235.68681318681,109610.0,17108938.57142857,108630000.0,0.9268766881868131,0.068264,2,550.0,8.0,0.008,60000.0,12.0,728
A3-950-8-60000,0.05,-0.00046490500000000005,0.00016247,2.6017e-05,0.00037337,-9.9598e-05,-1.1833e-07,1570.9772,2043.9,5095809.7,29464000.0,0.011601602501465223,0.05144092850678339,100451.1,101550.0,90753150.0,188240000.0,0.6158385,0.14738,3,950.0,8.0,0.008,60000.0,12.0,50
A3-950-8-60000,0.1,-0.0008500000000000001,0.0006904,1.6689e-10,0.00075224,-0.0008089,0.00015537,2056.4700184501844,5477.5,3134217.988929889,27494000.0,0.11108380006980069,0.8740667469272585,102312.45387453874,118850.0,32756216.974169742,164490000.0,0.7719547601476014,0.06849,3,950.0,8.0,0.008,60000.0,12.0,542
A3-950-8-60000,0.15,-0.00098508,0.00075,8.9407e-12,0.00078175,-0.0011,0.0003117,1932.46550295858,3699.4,1788244.0532544379,18953000.0,0.10341106358075908,0.47829824578629804,102626.76331360947,104380.0,16290876.213017752,201050000.0,0.8158498094674557,0.088534,3,950.0,8.0,0.008,60000.0,12.0,845
A3-950-8-60000,0.2,-0.00100383,0.0009728999999999998,2.3842e-11,0.00086005,-0.0010003,0.00032432,1930.6216286307053,3046.4,1725742.8060165974,14592000.0,0.10776807969747149,0.44546000716225914,102591.97614107883,104540.0,16558906.74273859,171650000.0,0.8489736514522822,0.07873,3,950.0,8.0,0.008,60000.0,12.0,964
A3-950-8-60000,0.3,-0.0011499999999999998,0.0011500000000000004,9.2387e-11,0.00085,-0.001175,0.00050989,1923.353029045643,3702.6,1503280.3443983402,9623600.0,0.10634661725507931,0.6124993768160095,102766.67634854771,109070.0,15838515.817427386,199800000.0,0.8672816572614108,0.063177,3,950.0,8.0,0.008,60000.0,12.0,1205
A3-950-8-60000,0.4,-0.0012150000000000004,0.0011956999999999996,4.4704e-11,0.00080548,-0.0011,0.00060426,1903.0573624595468,3484.6,1385809.3203883495,13820000.0,0.11562494943156443,0.6872223415052803,102903.321197411,106670.0,14965294.377022654,181350000.0,0.8814477103559871,0.07075,3,950.0,8.0,0.008,60000.0,12.0,1236
A3-950-8-60000,0.5,-0.0012942000000000001,0.0009094999999999997,1.7285e-10,0.00085,-0.001,0.00077032,1887.7956910569108,3396.1,1220497.9390243902,7923700.0,0.11682732392136728,1.0130047051223405,103683.07398373984,107100.0,16363997.56097561,196060000.0,0.9014907552845528,0.064786,3,950.0,8.0,0.008,60000.0,12.0,1230
A3-950-8-60000,0.6,-0.0013499999999999996,0.0010561000000000008,1.4901e-10,0.00081965,-0.00089999,0.00076965,1900.5904893449092,3073.3,1269620.4869771113,5955900.0,0.11794609532198241,0.5786510124418689,103372.91239147593,112010.0,15642181.527229676,170140000.0,0.900655138910813,0.065188,3,950.0,8.0,0.008,60000.0,12.0,1267
A3-950-8-60000,0.7,-0.0013788999999999997,0.0010628,2.3842e-11,0.00086538,-0.00079625,0.0008004,1889.7210268948656,3211.6,1247249.2265688672,8317700.0,0.12236388492776103,0.5973090364958579,103207.63243683781,106330.0,16097584.197229015,183100000.0,0.911324348410758,0.077317,3,950.0,8.0,0.008,60000.0,12.0,1227
A3-950-8-60000,0.8,-0.001451,0.000915,4.679e-10,0.00085495,-0.0008,0.0008835,1864.5300643086816,2855.8,1088292.3400321542,7019000.0,0.11503903900970919,0.653091674802244,103548.70096463023,107380.0,18383236.422829583,206780000.0,0.9055145253215433,0.1041445,3,950.0,8.0,0.008,60000.0,12.0,1244
A3-950-8-60000,0.9,-0.0014500000000000008,0.0010726999999999985,1.0312e-09,0.00086595,-0.0008,0.00085392,1889.6293760129658,3400.4,1229369.0153970825,7991400.0,0.11543619826162231,0.5098099974877013,103295.81118314425,105990.0,16150219.959481362,218000000.0,0.9008030072933549,0.074124,3,950.0,8.0,0.008,60000.0,12.0,1234
A3-950-8-60000,1.0,-0.0013947000000000005,0.0009694000000000005,3.5763e-11,0.0008553,-0.0008,0.00081651,1894.1314814814814,3303.6,1277654.0534979424,7987600.0,0.11344115291765625,0.674857623354734,103375.04938271605,110790.0,17547607.489711933,250140000.0,0.8973522049382716,0.064323,3,950.0,8.0,0.008,60000.0,12.0,1215
A4-750-6-60000,0.05,-0.00075,0.00057683,1.7881e-11,0.000675,-0.00075,0.00026928,2059.246934460888,4039.2,2915686.7864693445,13390000.0,0.10960820848919058,0.5830188234525537,102833.68921775899,115610.0,23446765.75052854,164340000.0,0.7555225665961944,0.09738649999999999,4,750.0,6.0,0.006,60000.0,12.0,473
A4-750-6-60000,0.1,-0.0008711700000000001,0.0008682,2.9802e-12,0.00076183,-0.00088216,0.00041328,1979.6508643617021,4373.1,2260081.1901595746,14891000.0,0.11345958530137659,0.4926498188663018,103274.97207446808,107630.0,19196950.39893617,161620000.0,0.8434332819148936,0.06702,4,750.0,6.0,0.006,60000.0,12.0,752
A4-750-6-60000,0.15,-0.000952314,0.0009500000000000001,4.4704e-11,0.00078087,-0.0009,0.00050411,1925.7504961411246,3376.0,1621411.4829106946,8142900.0,0.10472647160876292,0.40621867421500946,103481.90187431092,105970.0,12607427.883131202,149650000.0,0.8712476879823594,0.073783,4,750.0,6.0,0.006,60000.0,12.0,907
A4-750-6-60000,0.2,-0.0009787700000000001,0.001075,5.9605e-12,0.00078943,-0.0008045,0.00059818,1906.6495884773663,3237.6,1506810.2777777778,7608700.0,0.09497017747850908,0.4800998047281419,103656.32716049382,106670.0,15140549.783950618,142500000.0,0.8933508106995885,0.073798,4,750.0,6.0,0.006,60000.0,12.0,972
A4-750-6-60000,0.3,-0.00110298,0.0009837000000000001,1.0103e-09,0.00085681,-0.00059999,0.00085,1832.2720881427074,2464.6,1001900.072402938,7157200.0,0.10418461053988873,0.5133634214822868,104183.62014690452,113940.0,19104731.24868835,155440000.0,0.9343688405036725,0.125,4,750.0,6.0,0.006,60000.0,12.0,953
A4-750-6-60000,0.4,-0.0011968000000000003,0.0008499999999999996,1.6057e-08,0.00079128,-9.9916e-05,0.0010112,1803.487599469496,2378.0,859095.3806366047,2708400.0,0.10900897871997442,0.6342670741958785,103998.47877984085,114880.0,26277968.83289125,273600000.0,0.9810122811671088,0.15118,4,750.0,6.0,0.006,60000.0,12.0,754
A4-750-6-60000,0.5,-0.0012055,0.0007499999999999998,5.3627e-08,0.00079107,-0.00017494,0.0011547,1811.403355704698,2517.8,948178.4026845638,5110700.0,0.10013158700728908,0.5426760538295383,104175.71140939597,115320.0,25477433.1557047,205760000.0,0.9488703288590604,0.15402,4,750.0,6.0,0.006,60000.0,12.0,745
A4-750-6-60000,0.6,-0.0011384999999999998,0.0006500000000000004,3.5591e-08,0.00087295,-0.00030418,0.001112,1817.7072236180904,2733.2,977139.4145728643,4808600.0,0.12370223360169126,0.6390700535935008,103514.74246231155,114310.0,23407888.256281406,198840000.0,0.9053432600502512,0.11985,4,750.0,6.0,0.006,60000.0,12.0,796
A4-750-6-60000,0.7,-0.0010877999999999999,0.0009500000000000003,6.3778e-10,0.00081491,-0.00049998,0.00096774,1857.9240416210296,2976.9,1162655.2979189486,7612300.0,0.11078568246557777,0.46107339819707666,103380.53559693319,120730.0,17654787.924424972,147810000.0,0.8915773554216867,0.070308,4,750.0,6.0,0.006,60000.0,12.0,913
A4-750-6-60000,0.8,-0.0010756000000000003,0.0009852999999999997,9.3581e-10,0.00082218,-0.00049999,0.00092389,1848.244252232143,2635.5,1082930.7700892857,5098900.0,0.1077661081583656,0.5216796328207571,103460.15625,112340.0,18547837.03125,148670000.0,0.9132257087053571,0.125,4,750.0,6.0,0.006,60000.0,12.0,896
A4-750-6-60000,0.9,-0.001079,0.0006499999999999995,2.1413e-08,0.00085,-0.00021088,0.0011014,1766.1727702702703,2266.7,807426.3162162162,6086100.0,0.1045590807900897,0.6489384909989544,104509.99324324324,106920.0,22643238.783783782,175390000.0,0.9903714662162162,0.375,4,750.0,6.0,0.006,60000.0,12.0,740
A4-750-6-60000,1.0,-0.0011653000000000002,0.0008024,5.526e-09,0.00095,-0.00028938,0.00105,1846.9315850815851,2715.3,1120273.641025641,4449300.0,0.11973474027317194,0.5170894281108442,103301.83566433567,108280.0,19703329.66200466,138170000.0,0.9244805244755245,0.12415,4,750.0,6.0,0.006,60000.0,12.0,858
A5-750-10-60000,0.05,-0.0007758999999999999,0.0005851999999999999,0.0,0.00065858,-0.0007,0.00021814,1980.5652747252745,3538.1,2519502.89010989,12270000.0,0.10348984383183282,0.43590903971356226,102206.63956043957,105490.0,21239605.164835166,138750000.0,0.755565789010989,0.063831,5,750.0,10.0,0.01,60000.0,12.0,455
A5-750-10-60000,0.1,-0.000972402,0.0007723000000000001,8.9407e-12,0.00076499,-0.00080088,0.00038481,1974.3641434262947,3946.2,2049207.549800797,16123000.0,0.11911837758681605,0.5500238428468351,102865.37848605578,112560.0,19426237.71580345,131410000.0,0.8436061772908366,0.093143,5,750.0,10.0,0.01,60000.0,12.0,753
A5-750-10-60000,0.15,-0.0010818400000000001,0.0009028999999999999,2.0862e-11,0.0007631,-0.0009,0.00045,1915.523123620309,3452.9,1582472.7097130243,10066000.0,0.11352373437217612,0.6143738986290352,103168.4050772627,105220.0,12203590.309050772,145160000.0,0.8573030309050772,0.064796,5,750.0,10.0,0.01,60000.0,12.0,906
A5-750-10-60000,0.2,-0.00117989,0.0008072000000000001,1.1325e-10,0.00078475,-0.0009,0.00053553,1912.3811860940696,2989.1,1436226.7910702114,6030100.0,0.10490824626775994,0.4943940579386043,103312.99591002044,105620.0,14429812.45398773,142950000.0,0.8730689713701432,0.085264,5,750.0,10.0,0.01,60000.0,12.0,978
A5-750-10-60000,0.3,-0.0012928,0.0010683000000000003,6.7056e-10,0.00079333,-0.00079999,0.00060372,1886.771792360431,3096.9,1301714.3398628796,6274100.0,0.12029560545016696,0.6313067046602626,103213.03525954946,105440.0,14374847.424094025,152960000.0,0.8916615377081293,0.10373,5,750.0,10.0,0.01,60000.0,12.0,1021
A5-750-10-60000,0.4,-0.00135,0.0008897999999999996,2.5034e-10,0.00085,-0.0008,0.0006737,1876.9957894736842,2823.9,1213029.1961722488,6005500.0,0.10431238489166746,0.4846143913721507,103285.97129186602,107640.0,14523107.751196172,145160000.0,0.8839582660287082,0.08171,5,750.0,10.0,0.01,60000.0,12.0,1045
A5-750-10-60000,0.5,-0.0013717,0.0008104999999999996,4.1724e-10,0.00085,-0.00077537,0.00069369,1884.4175740210123,3100.0,1255631.7153772684,5216600.0,0.11219441566246324,0.5610527683738848,103166.30276981853,106570.0,15887781.957975168,199320000.0,0.8917647831900669,0.082423,5,750.0,10.0,0.01,60000.0,12.0,1047
A5-750-10-60000,0.6,-0.0013563999999999998,0.0009750000000000002,8.0466e-11,0.00085,-0.000775,0.00068931,1870.9658245948522,2983.6,1194808.1534795044,4598900.0,0.10227091304292112,0.5331679878387299,102986.44423260247,106630.0,14588120.004766444,138760000.0,0.8834027721639657,0.098783,5,750.0,10.0,0.01,60000.0,12.0,1049
A5-750-10-60000,0.7,-0.0013499999999999996,0.0008668000000000009,5.1857e-10,0.0007885,-0.0008,0.00068822,1897.7260436432637,3641.5,1350003.1973434535,9477100.0,0.11243716894297759,0.6166839424697225,103082.22011385199,110140.0,15241376.280834915,155070000.0,0.8886809962049336,0.125,5,750.0,10.0,0.01,60000.0,12.0,1054
A5-750-10-60000,0.8,-0.0013889000000000002,0.0009108999999999992,2.5332e-10,0.00079562,-0.00069999,0.00069568,1880.0350333651097,3042.4,1263232.1172545282,6345900.0,0.10961043188494944,0.6889024465771624,103185.60057197331,105670.0,14279751.887511916,141940000.0,0.9007422907530982,0.107363,5,750.0,10.0,0.01,60000.0,12.0,1049
A5-750-10-60000,0.9,-0.0013500000000000014,0.0007582999999999982,9.5368e-11,0.00081001,-0.0007,0.00067399,1880.8817452357073,3213.6,1258762.0651955868,5634900.0,0.11511841102319374,0.5679450073730731,103527.8445336008,106080.0,15710186.870611835,149310000.0,0.9052129137412236,0.125,5,750.0,10.0,0.01,60000.0,12.0,997
A5-750-10-60000,1.0,-0.0015262999999999995,-0.0003037000000000005,2.0862e-11,0.0005784,0.00013882,0.00088737,1707.100155279503,1983.1,657585.5621118012,2903300.0,0.040780054664005645,0.2732872357502268,103810.06677018634,104220.0,13431580.372670807,124490000.0,0.9974857919254658,0.7818,5,750.0,10.0,0.01,60000.0,12.0,322
A6-750-8-40000,0.05,-0.00069165,0.00065,0.0,0.00065,-0.0006106,0.00016542,2006.8300561797753,3843.6,2910736.966292135,13127000.0,0.09763825590135874,0.47024608969985066,102591.13764044944,117570.0,28484207.58426966,129110000.0,0.7192138651685394,0.068178,6,750.0,8.0,0.008,40000.0,8.0,356
A6-750-8-40000,0.1,-0.0008500000000000001,0.0007675999999999999,8.3447e-11,0.00068726,-0.0007754,0.0002657,1928.5955759599333,3165.0,1989770.2086811352,7691700.0,0.1152170106285119,0.6667971051226903,102556.72787979967,105200.0,24810419.449081805,128870000.0,0.8213087896494157,0.125,6,750.0,8.0,0.008,40000.0,8.0,599
A6-750-8-40000,0.15,-0.0008996299999999999,0.0007909,5.9605e-12,0.00070094,-0.0008,0.0003225,1892.850744047619,3123.4,1743166.0788690476,11527000.0,0.09597284019086413,0.41430612121454347,102686.06398809524,104020.0,15306050.297619049,143780000.0,0.8384490550595238,0.064597,6,750.0,8.0,0.008,40000.0,8.0,672
A6-750-8-40000,0.2,-0.0009725700000000001,0.0007747999999999998,1.7881e-11,0.00075,-0.00086756,0.00042557,1898.7159814323609,3121.0,1570385.4442970823,10771000.0,0.09755346729661697,0.470291161303293,103129.66180371353,104610.0,19168226.976127323,178590000.0,0.8530675636604774,0.094177,6,750.0,8.0,0.008,40000.0,8.0,754
A6-750-8-40000,0.3,-0.0009886999999999997,0.0008856000000000003,0.0,0.00075,-0.00079607,0.00050319,1897.2638957816378,3192.7,1558031.8424317618,7591600.0,0.1181868852730595,0.6326343421756362,103131.45161290323,106330.0,18483051.98511166,146300000.0,0.8792526873449132,0.074451,6,750.0,8.0,0.008,40000.0,8.0,806
A6-750-8-40000,0.4,-0.0010500000000000002,0.0008724999999999996,8.6427e-11,0.00076594,-0.00077277,0.00052675,1888.6096341463413,3019.3,1497645.268292683,6173500.0,0.10636465478545223,0.5550377945689825,103080.9756097561,106530.0,17476613.292682927,137300000.0,0.8896795792682927,0.090865,6,750.0,8.0,0.008,40000.0,8.0,820
A6-750-8-40000,0.5,-0.0010776000000000002,0.0007977000000000001,4.0531e-10,0.00077082,-0.00077563,0.00059862,1868.6285882352943,2909.9,1316328.2882352942,6917700.0,0.10377223552750753,0.5400361881392765,103514.37647058823,110970.0,18278675.529411763,184220000.0,0.885956505882353,0.125,6,750.0,8.0,0.008,40000.0,8.0,850
A6-750-8-40000,0.6,-0.0010581999999999996,0.0008983000000000003,8.9407e-12,0.00077061,-0.0007,0.00056593,1897.9260210035006,2988.1,1423570.1808634773,6007800.0,0.10783164887413531,0.4849974030905206,103037.13535589265,112600.0,17669021.06184364,132460000.0,0.8883383838973162,0.09453,6,750.0,8.0,0.008,40000.0,8.0,857
A6-750-8-40000,0.7,-0.0010749999999999996,0.0008034000000000001,1.4901e-10,0.00077225,-0.0007,0.00059333,1886.3666468489894,3034.6,1303531.8430439953,5050900.0,0.10601075101051434,0.48250862964718055,103302.29488703924,107600.0,17756071.938168846,138490000.0,0.8801949048751486,0.114595,6,750.0,8.0,0.008,40000.0,8.0,841
A6-750-8-40000,0.8,-0.00115,0.0010872999999999994,3.5763e-11,0.00076748,-0.0007,0.0006339,1871.5325659189295,3068.2,1374873.577331759,7603200.0,0.13974502555682136,0.6321570891953994,103197.69578905942,105610.0,19059840.834317196,149740000.0,0.8723065112160566,0.125,6,750.0,8.0,0.008,40000.0,8.0,847
A6-750-8-40000,0.9,-0.0010883000000000004,0.0008499999999999992,1.1921e-11,0.00076583,-0.0007,0.00060927,1883.2820265379976,2965.1,1377560.1206272617,6245400.0,0.10639777484249602,0.5190394259292833,103229.85524728589,107290.0,17718402.472858865,150490000.0,0.8824012714113391,0.073484,6,750.0,8.0,0.008,40000.0,8.0,829
A6-750-8-40000,1.0,-0.0010734999999999998,0.0008064000000000005,2.3842e-11,0.00076846,-0.00069999,0.00059959,1884.6204081632654,3059.4,1361628.5534213686,7896200.0,0.10323435291617492,0.44952732130539075,103209.72388955583,107470.0,18107140.696278512,172130000.0,0.8773648379351741,0.12497,6,750.0,8.0,0.008,40000.0,8.0,833
A7-750-8-70000,0.05,-0.00075752,0.0006505,1.2815e-10,0.00068133,-0.00077666,0.00023786,2079.5424271844663,4232.9,2861593.9223300973,12479000.0,0.11057813914326534,0.6888825453449957,102547.8640776699,106000.0,19853177.2815534,163770000.0,0.7489231572815533,0.069872,7,750.0,8.0,0.008,70000.0,14.0,515
A7-750-8-70000,0.1,-0.00097945,0.0007802999999999999,7.7486e-11,0.0007649,-0.00090342,0.00042576,1981.105398773006,3618.0,1987424.6196319018,11175000.0,0.10719572280636358,0.5361174478600749,103396.03067484662,108500.0,17232779.63190184,148360000.0,0.8423797828220859,0.069993,7,750.0,8.0,0.008,70000.0,14.0,815
A7-750-8-70000,0.15,-0.00105,0.0009524000000000002,4.7684e-11,0.00087855,-0.0009,0.00051516,1935.2617676767675,3866.1,1670992.2525252525,11665000.0,0.10977819826980711,0.752631975154524,103276.61212121212,106470.0,11528164.525252525,149540000.0,0.8708007010101011,0.065879,7,750.0,8.0,0.008,70000.0,14.0,990
A7-750-8-70000,0.2,-0.00115,0.0010096,5.9605e-12,0.00085737,-0.00089999,0.00060414,1909.9252814258912,3398.5,1440415.1594746716,9989900.0,0.10190235838922193,0.48455398512446474,103336.72514071295,106230.0,13911662.964352721,150160000.0,0.8901482054409006,0.083012,7,750.0,8.0,0.008,70000.0,14.0,1066
A7-750-8-70000,0.3,-0.0013647999999999998,0.0012500000000000002,2.9894e-09,0.00085,-0.00059986,0.0008238,1849.5824463118581,2776.3,1124996.6984126985,5413200.0,0.15074419487091048,0.6184178148592099,103736.36321195145,109700.0,16006071.93277311,143160000.0,0.9413491316526611,0.125,7,750.0,8.0,0.008,70000.0,14.0,1071
A7-750-8-70000,0.4,-0.0013845,0.0008059999999999999,3.0102e-09,0.00087134,-0.00039997,0.00099604,1822.4037987679671,2668.0,882971.363449692,4670900.0,0.10457299484860696,0.48790881972044736,104025.1386036961,107220.0,18754256.550308008,185730000.0,0.9318691827515401,0.096489,7,750.0,8.0,0.008,70000.0,14.0,974
A7-750-8-70000,0.5,-0.0013555,0.0007499999999999998,1.218e-08,0.00085,-0.00030376,0.00105,1834.651526717557,2769.7,986611.2584514722,6247600.0,0.1163753084416436,0.7671532849202954,104218.21701199564,109460.0,19754677.47219193,171800000.0,0.9403377262813523,0.125,7,750.0,8.0,0.008,70000.0,14.0,917
A7-750-8-70000,0.6,-0.0013094999999999995,0.0008811000000000001,1.511e-09,0.00085,-0.00050941,0.00096148,1869.1512024048095,2775.5,1011255.2364729459,3715300.0,0.11183799340064653,0.632220276055743,103458.75751503005,108030.0,18194439.138276555,161570000.0,0.8987939529058115,0.125,7,750.0,8.0,0.008,70000.0,14.0,998
A7-750-8-70000,0.7,-0.0012764999999999999,0.0010534999999999997,1.9015e-09,0.00085,-0.00057499,0.00090965,1848.9651277013752,2529.6,1038631.9872298625,4684000.0,0.1083438715151664,0.4977410059870494,103379.68074656189,105030.0,15512285.35265226,146080000.0,0.9030612013752455,0.06743,7,750.0,8.0,0.008,70000.0,14.0,1018
A7-750-8-70000,0.8,-0.0012731,0.0009499999999999995,1.9015e-09,0.00086181,-0.00050387,0.00090908,1845.8595121951219,2665.5,1015273.4331707318,5468900.0,0.1056465960128976,0.5466730250606847,103512.65365853658,114160.0,16081192.692682927,135520000.0,0.9141666829268292,0.125,7,750.0,8.0,0.008,70000.0,14.0,1025
A7-750-8-70000,0.9,-0.0012711000000000007,0.0013499999999999996,3.7792e-09,0.00085,-0.00049369,0.00093391,1820.04242135367,2590.8,970079.3508102956,6111400.0,0.12846359829020096,0.43804722553624287,103394.5471877979,107480.0,14827131.377502384,133890000.0,0.9150141229742612,0.125,7,750.0,8.0,0.008,70000.0,14.0,1049
A7-750-8-70000,1.0,-0.0012525000000000001,0.0011888000000000003,8.9006e-09,0.00085,-0.000403,0.00098417,1829.0445240532242,2614.7,994384.1944728761,6025900.0,0.12654643122944548,0.5779406106166964,103206.8679631525,106610.0,18364122.088024564,156400000.0,0.9017156064483112,0.1049325,7,750.0,8.0,0.008,70000.0,14.0,977
A8-550-6-60000,0.05,-0.00075143,0.0005914599999999999,4.4704e-11,0.00066941,-0.00059992,0.00028549,2021.4595011876484,3386.9,2608910.6532066506,6320200.0,0.10201284633489517,0.5378288153539191,103236.1163895487,108390.0,18551991.448931117,97263000.0,0.7752514964370546,0.125,8,550.0,6.0,0.006,60000.0,12.0,421
A8-550-6-60000,0.1,-0.0008560500000000001,0.0007014,5.4539e-10,0.00070597,-0.0006,0.00043409,1899.5182565789476,2983.6,1752846.7351973683,7925900.0,0.10225903294443923,0.3944860588157711,103772.06414473684,105730.0,16686008.470394736,118830000.0,0.8587522105263158,0.088224,8,550.0,6.0,0.006,60000.0,12.0,608
A8-550-6-60000,0.15,-0.000887075,0.0008701,2.1458e-10,0.00078182,-0.0006,0.00059365,1886.1771844660195,3181.7,1443229.1123439667,6418200.0,0.10484611104842895,0.6404916668466498,103915.15117891817,111340.0,12667969.694868239,106600000.0,0.8981646740638003,0.125,8,550.0,6.0,0.006,60000.0,12.0,721
A8-550-6-60000,0.2,-0.00087549,0.0013899999999999997,1.4603e-10,0.00067935,-0.00039994,0.00058392,1817.0136049723758,3123.4,1266351.6436464088,9955400.0,0.10558226677013892,0.5724204433805627,103868.21132596685,116510.0,14366304.488950277,99067000.0,0.9229093093922651,0.1201,8,550.0,6.0,0.006,60000.0,12.0,724
A8-550-6-60000,0.3,-0.00105872,0.0006933999999999998,9.0019e-09,0.00075,-5e-05,0.0010128,1740.9725724020443,1982.8,638355.1311754684,2475400.0,0.09069490149242752,0.5030576870499048,105156.92333901192,108590.0,21853189.023282226,135930000.0,0.9953883645655877,0.51992,8,550.0,6.0,0.006,60000.0,12.0,587
A8-550-6-60000,0.4,-0.0009215000000000002,0.0002959999999999998,1.6813e-07,0.00058905,0.00022666,0.0012683,1716.0766288951843,2067.2,515616.342776204,2712200.0,0.07479141382212408,0.47667309494977794,105641.00566572238,108690.0,20108449.433427762,211740000.0,0.9847201133144476,0.71777,8,550.0,6.0,0.006,60000.0,12.0,353
A8-550-6-60000,0.5,-0.0008981000000000002,0.0004499999999999999,1.0714e-07,0.00061414,0.0001004,0.0010563,1750.6790973871734,2181.4,948875.0166270784,5365400.0,0.127965162882203,0.6020637362439296,105092.43942992874,108840.0,27437374.038004752,164330000.0,0.9993475771971496,0.95017,8,550.0,6.0,0.006,60000.0,12.0,421
A8-550-6-60000,0.6,-0.0010763,0.0003839000000000004,8.2647e-08,0.00071757,-7.4407e-05,0.0011699,1774.2673796791444,2662.0,1039032.6054664289,5276700.0,0.12741676478912645,0.7064685806177087,105119.56922162804,108770.0,22187452.976827096,169860000.0,0.9687287165775401,0.49798,8,550.0,6.0,0.006,60000.0,12.0,561
A8-550-6-60000,0.7,-0.0009659999999999998,0.000588,6.1192e-09,0.000789,-0.00021119,0.00090456,1826.4720611916262,2607.2,1103187.3349436393,5407000.0,0.1060357262447182,0.3968507192887522,103774.81481481482,107330.0,20785282.78582931,112150000.0,0.9153245652173914,0.125,8,550.0,6.0,0.006,60000.0,12.0,621
A8-550-6-60000,0.8,-0.0010008000000000005,0.0005670999999999992,1.7631e-08,0.00075,-0.00019971,0.00105,1772.9559713375797,2271.0,853749.9761146497,3469500.0,0.10117714855693132,0.5114166997907773,104413.94904458598,109640.0,24360540.1433121,158240000.0,0.954547770700637,0.125,8,550.0,6.0,0.006,60000.0,12.0,628
A8-550-6-60000,0.9,-0.0010537000000000003,0.0006061999999999994,4.8888e-08,0.00065553,2.3758e-05,0.0011556,1778.8904587155964,2325.3,945711.1100917432,5188700.0,0.11097055375040653,0.9455872465299012,104777.11009174312,109530.0,25353308.917431194,132860000.0,0.9941351834862385,0.5084,8,550.0,6.0,0.006,60000.0,12.0,545
A8-550-6-60000,1.0,-0.0010663,0.0006697999999999999,1.6179e-07,0.00070769,2.3734e-05,0.0011979,1764.8645306859205,2308.1,1013626.2815884476,6114100.0,0.12885729161226073,0.5034231670243335,104715.16245487364,107860.0,22261718.247292418,158480000.0,0.9891314981949458,0.49955,8,550.0,6.0,0.006,60000.0,12.0,554
A9-550-10-60000,0.05,-0.00075,0.0005920000000000001,1.8478e-10,0.00067656,-0.00050684,0.00029254,2019.5829787234043,4035.8,2734276.122931442,10841000.0,0.12084913302446923,1.4416157183174716,102121.9976359338,111700.0,19450364.066193853,106270000.0,0.7820089101654846,0.067459,9,550.0,10.0,0.01,60000.0,12.0,423
A9-550-10-60000,0.1,-0.00089305,0.0007543999999999999,1.1921e-11,0.0006778,-0.0006,0.00045,1930.156270358306,3159.5,1868248.2084690554,8524400.0,0.10226127777214247,0.5659131462586463,103749.03908794788,109770.0,17535187.377850164,114700000.0,0.8674701465798046,0.096015,9,550.0,10.0,0.01,60000.0,12.0,614
A9-550-10-60000,0.15,-0.00098229,0.0008500000000000001,2.0862e-11,0.00075933,-0.000575,0.00050681,1887.4532624113476,2947.6,1453492.680851064,6442800.0,0.1018629051469517,0.5096689115494489,103547.64539007092,105810.0,12855321.418439716,111690000.0,0.887937685106383,0.076419,9,550.0,10.0,0.01,60000.0,12.0,705
A9-550-10-60000,0.2,-0.0010500000000000002,0.0008016999999999998,6.5566e-10,0.00076735,-0.00049999,0.00059993,1861.889423076923,2776.0,1233550.048076923,5351700.0,0.1108021910892027,0.7314296973052161,103310.80975274726,109080.0,15593230.151098901,103200000.0,0.9076287706043956,0.10741,9,550.0,10.0,0.01,60000.0,12.0,728
A9-550-10-60000,0.3,-0.00115,0.0009719999999999998,3.7551e-10,0.0007108,-0.00039815,0.00067249,1846.1960306406686,2707.4,1280079.0835654596,8617600.0,0.11017778949327714,0.4625274280515697,103451.88718662952,107830.0,15541741.058495821,121470000.0,0.9178936908077995,0.11311,9,550.0,10.0,0.01,60000.0,12.0,718
A9-550-10-60000,0.4,-0.0011247000000000002,0.0008985,4.7386e-10,0.00070716,-0.00029999,0.00071904,1850.3637410071942,2929.9,1281926.128057554,5936100.0,0.10365778814054698,0.48519126944020746,103296.02877697842,105610.0,17272551.525179856,121210000.0,0.9126702446043166,0.10037,9,550.0,10.0,0.01,60000.0,12.0,695
A9-550-10-60000,0.5,-0.0011603,0.0010082,2.9802e-10,0.00068884,-0.00029999,0.00069746,1839.6296109510085,3058.9,1253023.7478386166,5234000.0,0.10741597749978253,0.5763463804180607,103349.75648414985,117160.0,16175687.838616714,102470000.0,0.9054369236311239,0.125,9,550.0,10.0,0.01,60000.0,12.0,694
A9-550-10-60000,0.6,-0.00115,0.0007823999999999999,1.0282e-09,0.00075,-0.0003011,0.00073553,1854.8905209840811,2712.3,1059804.6309696094,3625700.0,0.10711758178900468,0.4531504175392537,103885.53545586107,109710.0,17696075.49927641,127620000.0,0.9071683936324167,0.11226,9,550.0,10.0,0.01,60000.0,12.0,691
A9-550-10-60000,0.7,-0.0011722999999999994,0.0006136000000000006,8.5309e-09,0.00076191,-0.00030014,0.0008023,1839.7441134751775,2803.6,1026052.2638297873,5385600.0,0.11851874385973053,0.6443104352065082,104023.58581560284,112040.0,17737741.120567378,118940000.0,0.9100266241134751,0.125,9,550.0,10.0,0.01,60000.0,12.0,705
A9-550-10-60000,0.8,-0.0011647000000000003,0.0009785000000000002,5.2279e-09,0.00077277,-0.00029999,0.00078318,1842.3209128065396,2548.6,1087360.4114441418,6106500.0,0.1154981793496599,0.5094719066209638,103814.46185286103,107090.0,16458035.76294278,101470000.0,0.9091413283378748,0.125,9,550.0,10.0,0.01,60000.0,12.0,734
A9-550-10-60000,0.9,-0.0011680000000000006,0.0007057999999999995,1.8895e-09,0.00072654,-0.00029999,0.00079978,1837.1499999999999,2855.4,1109869.170487106,6236500.0,0.10731373083691696,0.8031933808243193,104085.08022922635,108760.0,19323074.48424069,140470000.0,0.914619670487106,0.125,9,550.0,10.0,0.01,60000.0,12.0,698
A9-550-10-60000,1.0,-0.0013080999999999995,-0.00032960000000000107,2.0862e-11,0.00047356,0.00050617,0.00090601,1708.0728723404256,1953.8,727989.1436170213,2879900.0,0.04108539815526183,0.14001448215095466,104759.28191489361,105730.0,15638596.489361702,100470000.0,0.9943084574468085,0.85782,9,550.0,10.0,0.01,60000.0,12.0,188
