case_id,case_index,power_W,scan_speed_mm_s,particle_rate,powder_feed_g_min,time_s,superellipsoid_fit_status,superellipsoid_af_m,superellipsoid_ar_m,superellipsoid_b_m,superellipsoid_c_m,superellipsoid_xic_m,superellipsoid_zc_m,superellipsoid_n,superellipsoid_m,superellipsoid_p,superellipsoid_residual_rmse,superellipsoid_volume_full_m3,superellipsoid_volume_relative_error
A1-750-8-60000,1,750.0,8.0,60000.0,12.0,0.05,ok,0.0012837096056017014,0.00104710771092797,0.0009387321994755231,0.00048701700040575883,-0.00013901878507572942,-0.00016790503562295694,1.0000000000000002,2.309762184263798,1.0000000000000002,0.17830455758688532,1.2226221194207999e-09,0.7144835685968524
A1-750-8-60000,1,750.0,8.0,60000.0,12.0,0.1,ok,0.0013064272350096246,0.0017116054151832263,0.0012051206561437392,0.0006798291812027319,-4.7243774506905294e-05,-0.00017486313639601136,1.0000000000000002,2.0025783467110836,1.0000000000000002,0.13006518031568665,2.6392544556174002e-09,0.8037673586539835
A1-750-8-60000,1,750.0,8.0,60000.0,12.0,0.15,ok,0.0012461069799810376,0.0017860469048439004,0.0010151216579016684,0.0008048486155734073,-6.397572084530812e-05,-0.0001242855416404254,1.0000000000000002,2.469799326531061,1.0000000000000002,0.15328374043600804,2.9329550155172476e-09,0.5193871763641678
A1-750-8-60000,1,750.0,8.0,60000.0,12.0,0.2,ok,0.0014767944954600673,0.0023617926916426678,0.0010442894111853968,0.0007791463294119282,-3.1227515058683106e-05,-0.00010061825247931555,1.0000000000000002,2.739467920159134,1.0000000000000002,0.14985909880493947,3.869815423299529e-09,0.8660499366040358
A1-750-8-60000,1,750.0,8.0,60000.0,12.0,0.3,ok,0.001007907677779494,0.0027392039955820933,0.0009552719284936154,0.0008335017270191216,0.00011614806507802149,3.3518828726565047e-05,1.0000000000000002,2.4886955481964175,1.0000000000000002,0.15972149636172986,3.5445323629090223e-09,0.6489097657054161
A1-750-8-60000,1,750.0,8.0,60000.0,12.0,0.4,ok,0.0011931870928695199,0.0025801622886563835,0.0008994979846289126,0.0007741419243181763,-0.00013811293876988932,0.0001371990611645517,1.0000000000000002,2.8176513306494857,1.0000000000000002,0.15833865919170304,3.29401289473299e-09,0.5349264479743334
A1-750-8-60000,1,750.0,8.0,60000.0,12.0,0.5,not_converged:The maximum number of function evaluations is exceeded.,0.00309662963651164,3.320563775000007e-05,0.0009862860177213542,0.0006938116722903467,-0.0018555499992996833,0.00010204180275739984,1.6806263236794885,2.330872093387563,1.6910314931913224,0.2569613920448091,4.1831149289433205e-09,1.178460076756495
A1-750-8-60000,1,750.0,8.0,60000.0,12.0,0.6,not_converged:The maximum number of function evaluations is exceeded.,0.0027192588833724494,2.583393149999981e-05,0.0010309764645670884,0.0007704083031236937,-0.001706874998909158,0.00012321530377048785,1.7066202548967166,2.230294766517101,1.709227756529206,0.2130492551408689,4.236197799819576e-09,1.1424258200583501
A1-750-8-60000,1,750.0,8.0,60000.0,12.0,0.7,not_converged:The maximum number of function evaluations is exceeded.,0.002730661935163303,0.0053654229353233005,0.0010724595376380157,0.0007166000433560223,-0.001727724999205617,0.00014558722570065028,1.7301619031748394,2.0808695158481427,1.7496968165299456,0.2403574814191527,1.1963725435155339e-08,5.364323429109453
A1-750-8-60000,1,750.0,8.0,60000.0,12.0,0.8,not_converged:The maximum number of function evaluations is exceeded.,0.0028396934549909654,2.6576200000000445e-05,0.0010310757373201615,0.0007582768002181021,-0.0017813249990290187,0.00012387036729903886,1.7120220742902943,2.1056388828541053,1.7365038146991016,0.23948947303943233,4.297499749766943e-09,1.1473755709086506
A1-750-8-60000,1,750.0,8.0,60000.0,12.0,0.9,not_converged:The maximum number of function evaluations is exceeded.,0.002942215141074646,3.179995000000043e-05,0.0010243405258571034,0.0007538590323455175,-0.001887299999622659,0.00012200612087581515,1.7753174648771284,2.087829729857214,1.8007785652885457,0.26752219706987673,4.512228004558526e-09,1.1680793046740063
A1-750-8-60000,1,750.0,8.0,60000.0,12.0,1.0,not_converged:The maximum number of function evaluations is exceeded.,0.002861703911683877,2.7509949999999887e-05,0.0010780450870276686,0.0007584458072593121,-0.0017999999995327563,9.001549672082311e-05,1.7874723946920315,1.9100659544766405,1.8094151346733864,0.24154365049284973,4.514154847965784e-09,1.2551950823184204
A2-550-8-60000,2,550.0,8.0,60000.0,12.0,0.05,ok,0.0009510875413687677,0.0011394374587403236,0.000733101512210674,0.00041109815345996076,0.0001345935305810168,-8.152445182572192e-05,1.0000000000000002,3.750725126846889,1.0000000000000002,0.19845541956879303,8.778141010148791e-10,0.38719045949732767
A2-550-8-60000,2,550.0,8.0,60000.0,12.0,0.1,ok,0.0017408379271030335,0.0016501872548926523,0.0007956329097010953,0.0005269299692314687,-6.553202204025052e-05,-5.329356591643549e-05,1.0000000000000002,2.593518610137051,1.0000000000000002,0.17135258723074023,1.720413155956353e-09,0.5348873289133724
A2-550-8-60000,2,550.0,8.0,60000.0,12.0,0.15,ok,0.0010904394838339077,0.002680569586629135,0.000773775920228712,0.0005615935730935566,7.910184078087002e-05,5.7573264082345685e-05,1.0000000000000002,3.387805886788016,1.0000000000000002,0.1437923633262415,2.2050069839118064e-09,0.690009108702439
A2-550-8-60000,2,550.0,8.0,60000.0,12.0,0.2,ok,0.0008519555139952102,0.0029826737840216505,0.0007528140947018886,0.0005966271224593282,0.00014606741064301977,0.00017036953360179791,1.0000000000000002,3.012752284959646,1.0000000000000002,0.12927674135134795,2.218099833019599e-09,0.6385237358411304
A2-550-8-60000,2,550.0,8.0,60000.0,12.0,0.3,not_converged:The maximum number of function evaluations is exceeded.,0.002432763514977407,0.004869778799999999,0.0008470349507138763,0.0005489578364840819,-0.0017421249997436967,0.00031136538417710264,1.8245646274279066,2.2351120801304947,1.8333527349094505,0.30731036057104527,6.940525009276226e-09,4.553916077210654
A2-550-8-60000,2,550.0,8.0,60000.0,12.0,0.4,ok,0.0008489179017824665,0.003585678985521319,0.00079178085906695,0.0006060373712815652,9.224112807129474e-06,0.00034982220768435123,1.0000000000000087,3.099379321313204,1.0000000000000002,0.2577123680812381,2.770717749759671e-09,1.2189637468078813
A2-550-8-60000,2,550.0,8.0,60000.0,12.0,0.5,ok,0.0018687612079591454,1.3490280728352637e-08,0.0007916703889135652,0.0005768119274639448,-0.0010564937091734972,0.00019574213802956515,2.0,2.0,2.0,0.32636390853022484,1.787286572237255e-09,0.4760086792539242
A2-550-8-60000,2,550.0,8.0,60000.0,12.0,0.6,ok,0.0023876056509741905,3.1927991726587795e-05,0.0009668850644799785,0.0006813964711205606,-0.0009432403726227216,0.0002287177301316367,1.0000101579291236,2.100296230645339,1.0000119128747709,0.18917989637385837,1.744527923802126e-09,0.4881084347356513
A2-550-8-60000,2,550.0,8.0,60000.0,12.0,0.7,ok,0.0009705809081028209,0.0018125238599556045,0.0008824967267075624,0.000666968135632344,1.6532108089415016e-05,0.00045665781094350073,1.0000000000000437,2.3536554424452665,1.0000000000000073,0.27642154443732464,1.8964593437670023e-09,0.6745938886218178
A2-550-8-60000,2,550.0,8.0,60000.0,12.0,0.8,ok,0.002741499819758821,0.0011780270270915242,0.0016871744419121126,0.0015599981696719867,-0.000357311077088464,0.0012690569999999999,1.0000000000000002,1.7161187498198895,1.0000000000000002,0.18586248873813394,1.0094867122570524e-08,7.782047993662868
A2-550-8-60000,2,550.0,8.0,60000.0,12.0,0.9,ok,0.002196939795437183,0.0010759582297299834,0.001194141655087706,0.0015426406007794738,-0.00025748297829660417,0.0010800099999999997,1.0000000000000002,2.2133035162647468,1.0000000000000002,0.1602893141960128,6.775087308298244e-09,4.549301292216123
A2-550-8-60000,2,550.0,8.0,60000.0,12.0,1.0,not_converged:The maximum number of function evaluations is exceeded.,0.0023689169574246435,2.4046199999999858e-05,0.0009570588895777254,0.0006319567014399554,-0.001553624910577811,0.00021216168530251723,1.7525991403630876,2.050312893896068,1.7741168002267773,0.23727983676290182,2.796282497637973e-09,1.185859514971861
A3-950-8-60000,3,950.0,8.0,60000.0,12.0,0.05,ok,0.00016987727982030338,0.0005451334186237563,0.0005425329956950405,0.00015655731462821051,2.1005112959572966e-05,-4.9990324310837985e-05,1.00076365854973,1.6434859737569452,1.0020749960635646,0.1419503087701447,5.801725678577632e-11,2.677773195762621
A3-950-8-60000,3,950.0,8.0,60000.0,12.0,0.1,ok,0.001456317294042805,0.0011446534660936672,0.0010128853541273573,0.0005629070498361405,-0.00013271314824187322,-0.00022391412732484993,1.0000000000000002,2.8657186695246755,1.0000000000000002,0.19940398365859424,1.8720674595787082e-09,0.9414625081717513
A3-950-8-60000,3,950.0,8.0,60000.0,12.0,0.15,ok,0.001311573193644027,0.0018280820817398837,0.0012507144532702844,0.0007961459651716385,-6.16325493508922e-05,-0.0002797892374788552,1.0000000000000002,1.8735725320546666,1.0000000000000002,0.15357466939532557,3.2179491671586833e-09,0.8481777546674629
A3-950-8-60000,3,950.0,8.0,60000.0,12.0,0.2,ok,0.0018469519805110331,0.0012157295500322433,0.0012786153746646373,0.0008873845039880741,-0.0002215728133526565,-0.00020840910825284414,1.0000000000000002,1.846273510996761,1.0000000000000002,0.17286924744952428,3.547483687139528e-09,0.5901940485267108
A3-950-8-60000,3,950.0,8.0,60000.0,12.0,0.3,ok,0.0018313191957011474,0.0025939489312368797,0.0010707459384484816,0.000885405020780773,-6.627596148665243e-05,-0.0001911179399094554,1.0000000000000002,2.529564209698427,1.0000000000000002,0.16785080442625525,5.020976268876281e-09,0.7701013492213766
A3-950-8-60000,3,950.0,8.0,60000.0,12.0,0.4,ok,0.0016429606010553174,0.0023322437626117367,0.0009846598684871745,0.0009714063256801348,-5.177765629718101e-05,-8.40249642229556e-05,1.0000000000000002,2.4692115534889134,1.0000000000000002,0.15651617218756442,4.501127304154133e-09,0.5499754224114105
A3-950-8-60000,3,950.0,8.0,60000.0,12.0,0.5,ok,0.001276523538114783,0.0037237142962886615,0.0010531941309916194,0.0009043448178234283,-5.692166295680148e-05,-3.004414212232123e-05,1.0000000000000002,2.569998944601447,1.0000000000000002,0.1624845832356871,5.740143084626671e-09,0.9660709344681172
A3-950-8-60000,3,950.0,8.0,60000.0,12.0,0.6,ok,0.0015136489340975626,0.002823098002539339,0.0009906075410950122,0.0009212281240632298,-0.00013075711506491304,1.858728065633094e-05,1.0000000000000002,2.5708439218952788,1.0000000000000002,0.17688461794128787,4.770739512865211e-09,0.6469781898259905
A3-950-8-60000,3,950.0,8.0,60000.0,12.0,0.7,ok,0.0010139289467556158,0.0035674269681460306,0.0009978498757230634,0.000887552558911875,0.0001627941318283355,9.155409920968952e-05,1.000000000000001,2.224161318111247,1.0000000000000002,0.16733065212125045,4.570527199205647e-09,0.6377158995684234
A3-950-8-60000,3,950.0,8.0,60000.0,12.0,0.8,ok,0.0010982283909744413,0.004587962744182127,0.0009543618538566082,0.0008688805643767732,-4.8985337548771384e-05,6.415667336326119e-05,1.0000000000000002,2.983986238372426,1.0000000000000002,0.19281847270494543,6.04956261033803e-09,1.1147220959155262
A3-950-8-60000,3,950.0,8.0,60000.0,12.0,0.9,ok,0.0011200346594700814,0.0031898198440379563,0.0009629845465316853,0.0009441937846769824,3.738905826881786e-05,0.0001262701939327007,1.0000000000000002,2.2942747787130204,1.0000000000000002,0.17224787536790506,4.481619586653797e-09,0.6148605603639468
A3-950-8-60000,3,950.0,8.0,60000.0,12.0,1.0,ok,0.0027479990321288604,1.0045584706267874e-08,0.0010642709797154227,0.0008296278894504228,-0.0013947008457873395,-2.880211323819028e-05,1.867481125786335,2.371738581195962,1.23258921023757,0.22526605225412646,4.370564379147584e-09,0.5492075543140821
A4-750-6-60000,4,750.0,6.0,60000.0,12.0,0.05,ok,0.0010307814798305175,0.0010888539033620326,0.0008347594889990151,0.0005374890645652037,-5.767555163137838e-05,-0.00017411326019689145,1.0000000000000002,3.07463231650643,1.0000000000000002,0.12983969010008156,1.23449326862275e-09,0.6472243818665304
A4-750-6-60000,4,750.0,6.0,60000.0,12.0,0.1,ok,0.0013456519994709082,0.001483624000278043,0.001037595337303351,0.0006820630304742387,-6.737855748417573e-05,-0.00016078529111796476,1.0000000000000002,2.6054153011284944,1.0000000000000002,0.16284839020751876,2.4279333780969726e-09,0.6186238556350324
A4-750-6-60000,4,750.0,6.0,60000.0,12.0,0.15,ok,0.0013095034153152128,0.002221201082123267,0.001051376546932335,0.0007493596833050663,7.071426228088584e-05,-0.00010597160733604247,1.0000000000000002,2.2676498657165967,1.0000000000000002,0.1414337044628434,3.163335902748862e-09,0.6532821931720699
A4-750-6-60000,4,750.0,6.0,60000.0,12.0,0.2,ok,0.0014755808985672098,0.003440289095223732,0.0009599881646937498,0.0007169190573504134,0.00016392458154432178,-5.303136286203606e-05,1.0000000000000002,2.678221559697277,1.0000000000000002,0.157173318471572,4.15180872300853e-09,0.967739204353782
A4-750-6-60000,4,750.0,6.0,60000.0,12.0,0.3,ok,0.001001873666265171,0.0035136301131919643,0.000927577491959979,0.0007345201275793228,5.272202052127611e-05,0.0001639350453858814,1.000000000000806,2.8124987577720066,1.0000000000000002,0.1270006176509819,3.853979073686669e-09,0.9143496341934488
A4-750-6-60000,4,750.0,6.0,60000.0,12.0,0.4,ok,0.000908713275705355,0.0023551435871721105,0.0008831163297653599,0.0006798575503569262,0.00014540604781663132,0.0005172061595246035,1.00000000000001,3.1048388020102355,1.0000000000000002,0.26537656227337475,2.5532485802065684e-09,0.7414127864018856
A4-750-6-60000,4,750.0,6.0,60000.0,12.0,0.5,ok,0.0010011395323708187,0.0019293749745322888,0.001977674999993091,0.002026492074785437,0.0002533428251122913,0.0014871099999999998,1.0000000000000089,1.6702647753200848,1.0000000000006295,0.1904828909629117,1.1307778702566382e-08,6.569599717633912
A4-750-6-60000,4,750.0,6.0,60000.0,12.0,0.6,ok,0.0005291880239167954,0.0028530220357408658,0.0010288005164476985,0.0008224489784848039,0.00024298789806626186,0.0004391464738827286,1.0000000037406842,2.318190897348427,1.0000000000000004,0.27468918556318084,3.2892533806742425e-09,0.8884878874425567
A4-750-6-60000,4,750.0,6.0,60000.0,12.0,0.7,ok,0.0023893166621214907,0.0011426841098540303,0.001263000905487474,0.0020287794068385404,-0.00022326975636048824,0.0013346699999999998,1.0000000000000002,2.626462345376453,1.0000000000000002,0.19388504588270078,1.1012736756229287e-08,4.889290982206335
A4-750-6-60000,4,750.0,6.0,60000.0,12.0,0.8,not_converged:The maximum number of function evaluations is exceeded.,0.0027150562528724144,2.564239400000036e-05,0.0010590145776448526,0.0007691286027893253,-0.001590824769654654,0.00014409487004482332,1.6375513240660742,1.9550316037104538,1.6474432815217757,0.19865517912791297,4.0064652066556075e-09,1.221850477845482
A4-750-6-60000,4,750.0,6.0,60000.0,12.0,0.9,ok,0.0015683204343092758,0.0008613300616402408,0.0009227577270986202,0.0007392995872853599,-0.0005810063791370533,0.00042018330795270714,1.0000000000000002,2.79826663767151,1.0000000000000002,0.20226925065505755,2.071996099943323e-09,0.32890813724959944
A4-750-6-60000,4,750.0,6.0,60000.0,12.0,1.0,ok,0.0016834081046586701,0.0015035060957060524,0.0019453148953433466,0.0020348526122250152,-5.316588588085662e-05,0.0013848449999999998,1.0000000000000002,1.7738953954409737,1.0000000000000002,0.12632737507952346,1.258689728527668e-08,6.4205758986612755
A5-750-10-60000,5,750.0,10.0,60000.0,12.0,0.05,ok,0.001101988453386514,0.0011794761503483853,0.0009455176666374483,0.0004959039919221114,-5.814754218915284e-05,-0.00016423722456498718,1.0000000000000002,2.1570388103079954,1.0000000000000002,0.19458077794330628,1.1867222430590767e-09,0.6563651653968396
A5-750-10-60000,5,750.0,10.0,60000.0,12.0,0.1,ok,0.001113093750088219,0.0016228130411970985,0.000936793897968923,0.0006916507497679185,-6.250883090621316e-05,-0.00014815830401878195,1.0000000000000029,2.703885275600742,1.0000000000000002,0.14322716963747906,2.1842595191443433e-09,0.48400428184039246
A5-750-10-60000,5,750.0,10.0,60000.0,12.0,0.15,ok,0.0013431832374716161,0.0018260431493881551,0.000987120218506274,0.0007796882741859204,-8.761245212786583e-05,-0.00011371241552682576,1.0000000000000002,2.4827226092613,1.0000000000000002,0.14773523302815145,2.8946693057302036e-09,0.515280240544606
A5-750-10-60000,5,750.0,10.0,60000.0,12.0,0.2,ok,0.0010380728500341994,0.0030048012620767324,0.0009816242578505937,0.0007591659659005336,7.129444131504217e-05,-8.444500028818932e-05,1.0000000000000002,2.649675713549757,1.0000000000000002,0.17378506618500977,3.6801672576436204e-09,0.7443160600023987
A5-750-10-60000,5,750.0,10.0,60000.0,12.0,0.3,ok,0.0013746265318059824,0.002768876647787925,0.0009408546042172553,0.0007782749565654796,-7.461292511501686e-05,-6.792545502346978e-06,1.0000000000000002,2.2999043649498976,1.0000000000000002,0.15532723278971336,3.473987457949105e-09,0.6029390407742249
A5-750-10-60000,5,750.0,10.0,60000.0,12.0,0.4,ok,0.0023501113906292093,3.694603633660901e-08,0.0010304986982529467,0.0007257821886024054,-0.0013499819610625404,-7.187847106255706e-05,2.0,2.0,2.0,0.2953927284740683,3.6813545148630415e-09,0.6513031821201498
A5-750-10-60000,5,750.0,10.0,60000.0,12.0,0.5,ok,0.001163146266766789,0.0029231142438868748,0.0010097446654564683,0.0007850968987763271,-0.0001462771151250073,2.7796269908577184e-05,1.0000000000000002,2.5454162822215296,1.0000000000000002,0.1861674429521065,3.8877167085393185e-09,0.7445910594786452
A5-750-10-60000,5,750.0,10.0,60000.0,12.0,0.6,not_converged:The maximum number of function evaluations is exceeded.,0.003071717811689643,0.0057995032622500005,0.0012434973043500507,0.0007700685866750639,-0.0019392499992713927,-6.920891822824949e-05,1.720216387706108,1.9351087169702426,1.7492561566337164,0.2377538937033581,1.5865971710214487e-08,6.115846950078913
A5-750-10-60000,5,750.0,10.0,60000.0,12.0,0.7,ok,0.0010807671111512176,0.003820441751838245,0.0009831541464811915,0.0007835962084806541,3.973661631265763e-05,-1.849873800500424e-06,1.0000000000000002,2.074838193713716,1.0000000000000002,0.1986079668206873,4.1062312636539525e-09,0.846064816324776
A5-750-10-60000,5,750.0,10.0,60000.0,12.0,0.8,not_converged:The maximum number of function evaluations is exceeded.,0.0031025168727953838,0.005720896287249999,0.001399574082545812,0.0007406401594045953,-0.0019638499996729735,-6.827984488022449e-05,1.807406328807023,1.9981354044572868,1.8237829628951314,0.27753027743692416,1.7893415044068176e-08,6.940611118011602
A5-750-10-60000,5,750.0,10.0,60000.0,12.0,0.9,ok,0.001215494942576217,0.0027276744908687443,0.0008945119099607131,0.0007698106220534998,-0.00013664158211805058,6.976678894227113e-05,1.0000000000000002,2.5137761625953234,1.0000000000000002,0.1722467245328437,3.2405116148108654e-09,0.5700071585140083
A5-750-10-60000,5,750.0,10.0,60000.0,12.0,1.0,not_converged:The maximum number of function evaluations is exceeded.,2.851606070249868e-07,0.0020889608170047876,0.0009199560144639897,0.0005778979316765907,1.949999999999261e-06,0.00048412932446999463,1.0006164782264046,1.9719918390329618,1.0005113663662843,0.20348802772539187,1.1767591101179826e-09,1.7420108068996407
A6-750-8-40000,6,750.0,8.0,40000.0,8.0,0.05,ok,0.0010684902383927962,0.0009101807832380993,0.0007981815826244939,0.000442745240607874,-6.107519723441751e-05,-0.0001540393593674961,1.0000000000000002,4.039191250767022,1.0000000000000002,0.19619787118430146,9.974903531774172e-10,0.7343142234526422
A6-750-8-40000,6,750.0,8.0,40000.0,8.0,0.1,ok,0.0013243236742299814,0.001635668831691635,0.0008869622364726234,0.0005648288794416878,-8.121685509475805e-05,-0.00016015445651519023,1.0000000000000002,2.821432969242416,1.0000000000000002,0.14306207885941946,1.8600746158895781e-09,0.7696916981998699
A6-750-8-40000,6,750.0,8.0,40000.0,8.0,0.15,ok,0.0015101592148252907,0.0016691545523266427,0.0009995323801824526,0.0006353088896869769,-0.00014641419319763986,-0.00016680114277645397,1.0000000000000002,2.275250046409709,1.0000000000000002,0.1589550599447962,2.29962419945864e-09,0.8296855726771534
A6-750-8-40000,6,750.0,8.0,40000.0,8.0,0.2,ok,0.0011651794309722838,0.0026343566497597504,0.0009788905895197104,0.000672539438841874,-3.9509911039410765e-05,-0.00013048474023861638,1.0000000000000002,2.4355226817447986,1.0000000000000002,0.14952447596983184,2.942514256548293e-09,0.9869245612949633
A6-750-8-40000,6,750.0,8.0,40000.0,8.0,0.3,ok,0.0009818649821793767,0.002404867819933313,0.0009327902029662242,0.0007080467426609573,5.553153552996176e-05,-6.935958791305531e-05,1.0000000000000002,2.659356759474626,1.0000000000000002,0.16726999332573897,2.7365703620002234e-09,0.7179891017804506
A6-750-8-40000,6,750.0,8.0,40000.0,8.0,0.4,ok,0.0010634250145708556,0.002673852134506671,0.000888278028041773,0.0006836655744422534,5.461887364098042e-05,-3.0012550106313193e-05,1.0000000000000002,2.807635121919837,1.0000000000000002,0.1682104600804193,2.8410988666047654e-09,0.7832075484960733
A6-750-8-40000,6,750.0,8.0,40000.0,8.0,0.5,ok,0.0018898087897679635,0.00018978480710929446,0.0009689367394412389,0.0006158747114952271,-0.0009722748583052075,-5.172737084700083e-05,3.770867302198351,2.4755297574653414,1.0000000000000002,0.18126246669005247,2.638768296125655e-09,0.5790088938001112
A6-750-8-40000,6,750.0,8.0,40000.0,8.0,0.6,ok,0.0010514001973036123,0.0020027742368605816,0.0009018550423257498,0.0007194886350053912,2.8574189544512123e-05,-1.6038322563163534e-06,1.0000000000000002,2.5465327955474604,1.0000000000000002,0.19205942170041115,2.378883743695547e-09,0.49439904623128456
A6-750-8-40000,6,750.0,8.0,40000.0,8.0,0.7,ok,0.0009601949373940601,0.0024457934732521314,0.000876142992008612,0.000725674948126821,3.9041703515166046e-05,1.92451766416216e-05,1.0000000000000002,2.7683692518824023,1.0000000000000002,0.18154278123036394,2.6949688507759755e-09,0.6466143875048717
A6-750-8-40000,6,750.0,8.0,40000.0,8.0,0.8,not_converged:The maximum number of function evaluations is exceeded.,0.0027183841336541974,2.7976199999999937e-05,0.001087057058460431,0.0007326252140811999,-0.0017093249993175095,-4.936137902333256e-05,1.7186033423581295,1.991816835664269,1.7224792384316736,0.22929711181212617,4.103339440861459e-09,1.3489001413812463
A6-750-8-40000,6,750.0,8.0,40000.0,8.0,0.9,ok,0.0019442247325787854,0.00018807015256899314,0.0009450147812742221,0.0005923055265255819,-0.0009792202262920004,-9.063414673500894e-06,3.5486558865033304,2.2294523229146277,1.0000000000000002,0.21420083033131165,2.405358692394242e-09,0.4728285480560722
A6-750-8-40000,6,750.0,8.0,40000.0,8.0,1.0,ok,0.002209871029393911,1.2162094269106057e-08,0.0010811036863411826,0.000669384329835077,-0.0010734994122893764,-7.604678512410094e-05,1.5365409363119427,2.093719732276449,1.245244001653354,0.24779161602094307,2.5301871392945775e-09,0.5507751066909241
A7-750-8-70000,7,750.0,8.0,70000.0,14.0,0.05,ok,0.0013482729937960155,0.0013941436877912925,0.0008995006565290746,0.0005042011986095653,-3.6743614514379084e-05,-0.00018943205282764947,1.0000000000000002,3.3185914356719604,1.0000000000000002,0.2067112211301803,1.661234947669657e-09,0.9362665614629562
A7-750-8-70000,7,750.0,8.0,70000.0,14.0,0.1,ok,0.0012284111686952002,0.0019890115525579475,0.0010700728438947276,0.0007384798574339031,-3.8909790229339135e-05,-0.00015988497556103826,1.0000000000000002,2.229846253676121,1.0000000000000002,0.14946926553321552,2.867608895101533e-09,0.723597703505439
A7-750-8-70000,7,750.0,8.0,70000.0,14.0,0.15,ok,0.0011660588030959875,0.0024666024632741387,0.001084342411305278,0.0007760796713248185,0.00013711447300368825,-9.076503283015823e-05,1.0000000000000002,2.3130012745315165,1.0000000000000002,0.15389716197317285,3.509844397466818e-09,0.6213679845426663
A7-750-8-70000,7,750.0,8.0,70000.0,14.0,0.2,ok,0.0015106759818358964,0.002654554366133456,0.0010271978228168794,0.0007908596414121891,1.98608594562946e-05,-5.139861099870855e-05,1.0000000000000002,2.431098417691458,1.0000000000000002,0.19119956078123332,3.977077263082583e-09,0.6836692997901536
A7-750-8-70000,7,750.0,8.0,70000.0,14.0,0.3,ok,0.0025285845390725582,0.0001315234924992416,0.0009790170118116703,0.0006814929299747001,-0.0012979366502924763,0.00012917516580405395,2.2272403286619746,2.6438310537246186,1.0000000000000002,0.22702174999331343,3.2569763554617046e-09,0.4495430464087271
A7-750-8-70000,7,750.0,8.0,70000.0,14.0,0.4,not_converged:The maximum number of function evaluations is exceeded.,0.002778320578031821,0.005448868799999999,0.001175915076405231,0.0008204136959989592,-0.001932124999749746,0.00017568510720707476,1.7234820697253317,2.1119150017201513,1.7653432482629268,0.25777733538333997,1.5371337123133154e-08,6.487739772243917
A7-750-8-70000,7,750.0,8.0,70000.0,14.0,0.5,ok,0.001093035258194895,0.0024044312637982435,0.0009300893820013903,0.0007906153632693594,-0.0001720812691475343,0.0003536596175511175,1.0000000000000002,2.9045204352077074,1.0000000000000002,0.24012392555349835,3.264365090289789e-09,0.6673328055293097
A7-750-8-70000,7,750.0,8.0,70000.0,14.0,0.6,not_converged:The maximum number of function evaluations is exceeded.,0.0028396653416252445,2.7392449999999284e-05,0.0010259671154432563,0.0008228730638675678,-0.0018571499993556733,0.00011382525041990609,1.7625674529010524,1.9778975456818855,1.791777016938117,0.24932918529163134,4.643135932721306e-09,1.199121624749139
A7-750-8-70000,7,750.0,8.0,70000.0,14.0,0.7,not_converged:The maximum number of function evaluations is exceeded.,0.0029271255799805823,0.005795875049999999,0.0010560236224200943,0.0007827917041079009,-0.0018589999995797268,0.00010424293277542668,1.7974031469932452,1.975400575906485,1.8287578510429894,0.23744643240575938,1.403450415335514e-08,5.5336133256803475
A7-750-8-70000,7,750.0,8.0,70000.0,14.0,0.8,not_converged:The maximum number of function evaluations is exceeded.,0.0029146215607828417,0.005530100243499998,0.0010567431977590352,0.0007759621041876311,-0.0018288749994112361,0.00012551308298414796,1.7752610672963667,2.0104045661843677,1.794350232475146,0.24374988806968392,1.3405560269736444e-08,5.1794400051928
A7-750-8-70000,7,750.0,8.0,70000.0,14.0,0.9,ok,0.003539635581538901,0.0011439476610045705,0.0013125383054802175,0.0018467070674400303,-0.0003210263298634661,0.0012908099999999999,1.0000000000000024,2.5502821841031484,1.0000000000000002,0.1400997030342303,1.3636151572034154e-08,5.467629697806178
A7-750-8-70000,7,750.0,8.0,70000.0,14.0,1.0,ok,0.0014889017913124578,0.001883245720802953,0.0009424874963861743,0.0009941144596423927,-1.853156525256102e-05,0.0004255409257153884,1.0000000000000002,2.417282462614401,1.0000000000000002,0.16711399714141426,3.7037698449086544e-09,0.7618599056995431
A8-550-6-60000,8,550.0,6.0,60000.0,12.0,0.05,ok,0.0007585465523366429,0.0009977262785018915,0.000754188567669518,0.0005052389557669626,-3.507883353740275e-05,-6.750039181616599e-05,1.0000000000000002,3.1340185650121275,1.0000000000000446,0.21560182101622616,8.750690377615369e-10,0.41145201092637157
A8-550-6-60000,8,550.0,6.0,60000.0,12.0,0.1,ok,0.0010369487291144828,0.0016831733260032524,0.0008114242721514194,0.0005749448978845917,-4.018066206383471e-05,-4.136587768829589e-05,1.0000000000000342,4.422709410943086,1.0000000000000002,0.13071675445223704,1.859725667185856e-09,0.6790722879669537
A8-550-6-60000,8,550.0,6.0,60000.0,12.0,0.15,ok,0.0009819721780176733,0.002031032658380372,0.0008686058303642751,0.0005980134440586146,7.104035435726669e-05,5.808093904117814e-05,1.0000000000000002,3.011721325921889,1.0000000000000002,0.15182132663936915,2.015311942263296e-09,0.5501839327104775
A8-550-6-60000,8,550.0,6.0,60000.0,12.0,0.2,ok,0.001553650865296868,0.0013963392621137048,0.0007486903162531179,0.000574548329869048,2.441220093856986e-05,0.0001803364570813872,1.0000000000000002,2.723558235369522,1.0000000000000002,0.12990428840078586,1.5684078288765566e-09,0.18630088873931222
A8-550-6-60000,8,550.0,6.0,60000.0,12.0,0.3,ok,0.0019209296716658603,3.706523510149367e-05,0.000898337633006296,0.0007520622718470252,-0.0010413449284492103,0.00036800224587653287,1.0000010553014507,3.72551496749785,1.0000628250204107,0.21671912137085528,1.8390581188415304e-09,0.7461223596234353
A8-550-6-60000,8,550.0,6.0,60000.0,12.0,0.4,ok,9.017745619000355e-05,0.0018885495414680588,0.0014722707955407116,0.0015661761420989555,0.0006003749999481219,0.001528709999999548,1.0000000102261175,5.99996412898648,1.0000014298700368,0.11878684672706677,7.219964503084461e-09,15.267814020346199
A8-550-6-60000,8,550.0,6.0,60000.0,12.0,0.5,ok,0.0006026888938914631,0.0013342200788779735,0.0010245765865214492,0.0007617621133013468,8.127526987490938e-05,0.0006129659327493623,1.0000000106554272,1.4929576283334645,1.000000281829505,0.2036775854144548,1.3563916205191149e-09,0.9714689301698385
A8-550-6-60000,8,550.0,6.0,60000.0,12.0,0.6,ok,0.001254837094217997,0.0010425432276213165,0.0009707611677074425,0.0008147337651288951,-0.00036043313100512587,0.0005802885061069153,1.000000000001459,1.6985914678221972,1.0000000000190732,0.25496026898654905,1.7672060857003155e-09,0.6785698005002688
A8-550-6-60000,8,550.0,6.0,60000.0,12.0,0.7,ok,0.0021082272395726554,0.0009444899008567963,0.0019724999999673762,0.0015857549978372707,-0.0002597648325358194,0.0011834974999999999,1.0000000000000002,1.2615755770494017,1.0000000000000002,0.21681094941812754,7.629284693012277e-09,5.92196406207352
A8-550-6-60000,8,550.0,6.0,60000.0,12.0,0.8,ok,0.0006880635562775291,0.0021779141712690033,0.0008168205919925816,0.0006743620045592491,2.430640099881562e-05,0.0004594715219305205,1.0000000000244236,3.070123651625916,1.000000000000595,0.23936023571177834,2.0480636544146977e-09,0.811177038630601
A8-550-6-60000,8,550.0,6.0,60000.0,12.0,0.9,ok,0.0008812367319611364,0.0016720108314207999,0.0016388249999806743,0.0017650012648040307,0.00026628579758832866,0.0014385604999999997,1.0000000000016758,2.057881369532109,1.0000000000000007,0.17607153294388658,7.997240603328885e-09,8.103926156997268
A8-550-6-60000,8,550.0,6.0,60000.0,12.0,1.0,ok,0.0024851435683038853,0.0010732822256607328,0.0012268810262714078,0.0018325528823518115,-0.00023490642753804295,0.0014914414999999998,1.0000000000003284,2.5726580920303266,1.0000000000000127,0.13770407176680352,9.647289845017376e-09,9.309207191628786
A9-550-10-60000,9,550.0,10.0,60000.0,12.0,0.05,ok,0.000949369530605915,0.0009658559938826835,0.0007928349626689373,0.0004380355453101713,-4.5649027786116374e-05,-8.388875020823644e-05,1.0000000000000002,3.348506586530513,1.0000000000000002,0.1722736854817985,8.91275590417323e-10,0.4159516713928568
A9-550-10-60000,9,550.0,10.0,60000.0,12.0,0.1,ok,0.0010607834410315217,0.001621171889662146,0.0008228930264980117,0.0005663412132608976,-5.448452313294186e-05,-2.124231250561977e-05,1.0000000000000002,2.9732165169939644,1.0000000000000002,0.15092361319647662,1.6013345291409833e-09,0.522970601587644
A9-550-10-60000,9,550.0,10.0,60000.0,12.0,0.15,ok,0.0012995226485315924,0.0020071124058665068,0.0008265695956099148,0.0005627665925705336,-6.855694797688713e-05,4.3028445854655416e-05,1.0000000000000002,2.817338703811751,1.0000000000000002,0.15282866937239978,1.9281979094431768e-09,0.5181732670532593
A9-550-10-60000,9,550.0,10.0,60000.0,12.0,0.2,ok,0.001095158342577136,0.0019595588373531024,0.0008722058047609913,0.0006011648611881464,-0.00013581528467631376,9.510646367273163e-05,1.0000000000000002,2.74193780708625,1.0000000000000002,0.1729399299050573,1.985306291711025e-09,0.49009123740273464
A9-550-10-60000,9,550.0,10.0,60000.0,12.0,0.3,ok,0.000958913498172204,0.001768650658802427,0.0008017606760971159,0.0006138921396160303,4.414208919129976e-05,0.00020616304958126356,1.0000000000000002,2.7427082251972386,1.0000000000000002,0.20537827928218996,1.6642063230779915e-09,0.31230214316575927
A9-550-10-60000,9,550.0,10.0,60000.0,12.0,0.4,ok,0.0020043183999952302,1.3623044808471304e-08,0.0008127514854317111,0.0004985280027823043,-0.0011246934020537464,0.0001687801506829533,2.0,2.0,2.0,0.3068404133489971,1.7008875757407274e-09,0.40966181184207817
A9-550-10-60000,9,550.0,10.0,60000.0,12.0,0.5,not_converged:The maximum number of function evaluations is exceeded.,0.002787069565200564,0.005394279331,0.0008411126611708295,0.0005181990463707255,-0.0017024248711613895,0.0001593811233441242,1.7153050784201145,2.1621597019738963,1.7343210498483805,0.2727965639155147,6.9047754106433495e-09,4.765815823959089
A9-550-10-60000,9,550.0,10.0,60000.0,12.0,0.6,not_converged:The maximum number of function evaluations is exceeded.,0.00257050403947111,2.404477611947769e-05,0.0009125676277670988,0.0005826230715320621,-0.001633099999502684,0.00014474102994896978,1.7508744221030914,2.0678591488192293,1.768590952113223,0.27602912262436335,2.669251579634036e-09,1.117241636639288
A9-550-10-60000,9,550.0,10.0,60000.0,12.0,0.7,ok,0.00225012403957578,0.00011677913261738154,0.0009149651769201081,0.0007036560072440094,-0.0011238763585899474,0.00018433721831549434,1.0000461109775562,2.6671617853260177,1.000000000000096,0.17793844446483853,1.8667520340979505e-09,0.4349257684329299
A9-550-10-60000,9,550.0,10.0,60000.0,12.0,0.8,not_converged:The maximum number of function evaluations is exceeded.,0.0025309670656784916,2.6799950000000634e-05,0.0009254755081131765,0.0006017486394552758,-0.001700499999585985,0.00015833181341353949,1.7803988821369516,2.132007060090386,1.7960025518284153,0.2629493139412506,2.8194133144648376e-09,1.1518720291620128
A9-550-10-60000,9,550.0,10.0,60000.0,12.0,0.9,not_converged:The maximum number of function evaluations is exceeded.,0.002387405200754817,0.004661077550000001,0.0008932988881506968,0.000612805049854153,-0.0016364499995122734,0.00016798011081469737,1.794575431590346,2.1129262169839644,1.8031596594862245,0.2351243804355784,7.646640840085648e-09,5.1082220649862204
A9-550-10-60000,9,550.0,10.0,60000.0,12.0,1.0,ok,7.625635554798756e-07,0.0016178972777430808,0.0008322273338388275,0.00030994563263032345,-0.0003299202707004389,0.000686363127730349,1.0000000000056526,1.0000000003752276,1.0000000000000002,0.2833206097853351,2.7835038740485184e-10,0.5661618760508328
A10-550-8-40000,10,550.0,8.0,40000.0,8.0,0.05,ok,0.0009549175867791863,0.0007078089056879764,0.0007276159076205739,0.0003780603026729735,-0.000128567638943803,-7.0056086801354e-05,1.0000000000000002,2.524374311440233,1.0000000000000002,0.18636875876754064,5.468950740523151e-10,0.3475849456986144
A10-550-8-40000,10,550.0,8.0,40000.0,8.0,0.1,ok,0.0008210687310899001,0.0012920566482389519,0.0007898606328927552,0.0005109305665177164,-4.552130044284139e-05,-3.9990232656994705e-05,1.0000000000000002,2.908255473726036,1.0000000000000002,0.14462392097833526,1.08297302311555e-09,0.5049796599210465
A10-550-8-40000,10,550.0,8.0,40000.0,8.0,0.15,ok,0.0010945361590757239,0.0017331665982409086,0.0007738176661938481,0.0004851714127540914,-0.000138393282921509,-4.178880239426695e-05,1.0000000000000002,5.905193544151504,1.0000000000000002,0.15990585747100153,1.6740088681620763e-09,0.9545018196004958
A10-550-8-40000,10,550.0,8.0,40000.0,8.0,0.2,ok,0.0009585854990770959,0.0019506114765992285,0.0007781227693779065,0.0005316930591780927,-4.404855056972341e-05,4.5116395269980205e-05,1.0000000000000002,2.7348398573396255,1.0000000000000002,0.15921776223955272,1.4902230233308854e-09,0.6630660514220575
A10-550-8-40000,10,550.0,8.0,40000.0,8.0,0.3,ok,0.0023194900787663355,0.0001808505295239691,0.0009283609720583425,0.0005809367577548873,-0.0008321450473380024,5.517435418285176e-05,1.0000000051707767,2.394460192461697,1.0000000000010127,0.18810450227861503,1.573808346846746e-09,0.6018335693583448
A10-550-8-40000,10,550.0,8.0,40000.0,8.0,0.4,ok,0.0019486760764536107,0.0009493505244875318,0.0011917695946471124,0.0013115830458256012,-0.0001698811546692843,0.0008154649999999963,1.000000000000008,1.6450250338533379,1.0000000000000002,0.18078346213531002,4.321189672388338e-09,3.8514533649819707
A10-550-8-40000,10,550.0,8.0,40000.0,8.0,0.5,not_converged:The maximum number of function evaluations is exceeded.,0.0023767320638803553,2.4394950000000172e-05,0.0008890646884188216,0.0004823760662605459,-0.001437699999440857,0.00015240826627922055,1.738614367568846,2.1003919644966804,1.7507143888019134,0.25789419236758115,1.990743547415088e-09,1.1071099528463364
A10-550-8-40000,10,550.0,8.0,40000.0,8.0,0.6,ok,0.0007221703812501446,0.0018894849758086148,0.0007449875904681594,0.0005775537400168498,4.496922354016696e-05,0.00020657010026475271,1.0000000000018892,2.8546587679658404,1.0000000001516747,0.20643034729306137,1.416320090091619e-09,0.5367970524851795
A10-550-8-40000,10,550.0,8.0,40000.0,8.0,0.7,ok,0.0017149799116016786,3.7544584604779046e-08,0.000772326145601256,0.0004839160677898981,-0.0009499819242567109,0.0001499425160932474,2.0,2.0,2.0,0.2551326693092025,1.3424494406615202e-09,0.39735174347244795
A10-550-8-40000,10,550.0,8.0,40000.0,8.0,0.8,not_converged:The maximum number of function evaluations is exceeded.,0.0020868081283085464,0.004008457758688749,0.0009034416286978229,0.0005489522643563937,-0.001400449999219526,0.00015037013411098638,1.7902621672201646,2.292904854007662,1.7849837710954284,0.17999053283450406,6.130766023056859e-09,5.198868487102504
A10-550-8-40000,10,550.0,8.0,40000.0,8.0,0.9,not_converged:The maximum number of function evaluations is exceeded.,0.0021093643804954076,0.004110199568499997,0.0008724999616419217,0.0005506249108736469,-0.001363074999145744,0.00012597875567744592,1.7493080095891276,2.260320262358819,1.7601480967118337,0.20362510719884488,5.950572014638704e-09,5.279310903517002
A10-550-8-40000,10,550.0,8.0,40000.0,8.0,1.0,ok,0.0007622150155000351,0.00236272555641997,0.0007445815177515257,0.0005185942651610708,6.516026768023702e-05,0.00014771225000507798,1.0000000000000002,3.0970017817553472,1.0000000000000002,0.18748206986460209,1.5706804009292962e-09,0.6483861458112402
A11-550-8-70000,11,550.0,8.0,70000.0,14.0,0.05,ok,0.0008443898637233172,0.0013586136121490982,0.0007781633151851107,0.0004802750527451703,-4.421175643416243e-05,-8.784968271436528e-05,1.0000000000000002,2.7723051428935706,1.0000000000000002,0.1630965880207637,1.025244410231998e-09,0.5365423620884058
A11-550-8-70000,11,550.0,8.0,70000.0,14.0,0.1,ok,0.0008591132636371965,0.00197605166081684,0.0009668982381890226,0.0006230875941970397,4.498778507934858e-05,-3.15828689545625e-05,1.0000000000000002,2.731775052674945,1.0000000000000002,0.1584911306745519,2.1138369462045133e-09,0.638916104970032
A11-550-8-70000,11,550.0,8.0,70000.0,14.0,0.15,ok,0.0011981150659378605,0.003159299734687197,0.0009519434936035451,0.0006047818783621838,-4.405366266690173e-05,4.0112149630956224e-05,1.0000000000000002,2.52574895048168,1.0000000000000002,0.14100663485611,3.0003016791556274e-09,1.0557904505030151
A11-550-8-70000,11,550.0,8.0,70000.0,14.0,0.2,ok,0.0009221706926377599,0.0028126286459059643,0.0008061840744197638,0.0006287725798953046,3.7061402456656586e-05,0.0001684367470953721,1.0000000000000098,2.8133598634637225,1.0000000000000002,0.1660186188043855,2.3719157249915186e-09,0.6043581220223511
A11-550-8-70000,11,550.0,8.0,70000.0,14.0,0.3,ok,0.00019925042268576282,0.0022077877849810772,0.0010260002012371097,0.000829954764079766,0.0003589091742882594,0.000538295254407467,1.0000008037779782,2.152400853469753,1.0000001416929971,0.261820491325623,2.2713331431430135e-09,0.8301867782998409
A11-550-8-70000,11,550.0,8.0,70000.0,14.0,0.4,ok,0.0008886992432871806,0.0016064942112116879,0.0013088393757725205,0.0008937094568500498,-2.6404631013020502e-05,0.0005406494497968434,1.0000000000000002,1.1523075593593435,1.0000000000000002,0.28907249465871404,2.1795082877003706e-09,0.7513219012281708
A11-550-8-70000,11,550.0,8.0,70000.0,14.0,0.5,ok,0.0018768732045193381,0.0017428200533720014,0.0017344749987462955,0.0016612258126515703,-5.858007304172009e-05,0.0012757349999999998,1.0000000000000002,2.054307255448195,1.0000000000000002,0.19061784774718468,1.1283489226930578e-08,7.740335945818812
A11-550-8-70000,11,550.0,8.0,70000.0,14.0,0.6,not_converged:The maximum number of function evaluations is exceeded.,0.0023899041067012602,0.004841172550000001,0.0009870517643658567,0.0006797296244418668,-0.001682749999735242,0.00018842368054608716,1.8007131800222929,2.0844558610590296,1.8107928420454784,0.2287377120426323,9.596126412812067e-09,6.0804086675366475
A11-550-8-70000,11,550.0,8.0,70000.0,14.0,0.7,not_converged:The maximum number of function evaluations is exceeded.,0.002158078038704238,0.004248507512451088,0.000918253688814296,0.0006847204053750762,-0.0016769749995260842,0.0003990723223861096,1.7643769884723126,2.0949505224200915,1.795296354089316,0.28816690015027885,7.89684232091858e-09,4.943432059642777
A11-550-8-70000,11,550.0,8.0,70000.0,14.0,0.8,ok,0.0022308392028141588,0.0014798625870442127,0.0009152542635538332,0.0016067998602243806,-3.2640715282252515e-05,0.0012795399999999998,1.0000000000000002,5.999999999999998,1.0000000000000002,0.18814159269826536,8.635365006980744e-09,5.728755177493312
A11-550-8-70000,11,550.0,8.0,70000.0,14.0,0.9,ok,0.0008368766847917495,0.0016090938263636212,0.0009443003057336019,0.0009671459731249574,7.005509433807257e-05,0.000536764944333344,1.0000001664363958,2.10404634969097,1.0000000000506595,0.22197655349696116,2.4469050481051164e-09,0.9618914685826382
A11-550-8-70000,11,550.0,8.0,70000.0,14.0,1.0,not_converged:The maximum number of function evaluations is exceeded.,0.002236037424485364,0.004432836424749999,0.0009934851585858176,0.0006712571090848333,-0.0015417999994911007,0.0002477446059313422,1.7603709025759322,2.061116517844366,1.7647516578268536,0.24207713016849391,8.6059683000982e-09,5.480587156507784
A12-950-6-60000,12,950.0,6.0,60000.0,12.0,0.05,ok,0.00022280913420976746,0.0004614133975314535,0.00047006392773412043,0.00012884477260845546,-6.768740838518804e-05,-4.83580010102911e-05,1.000000000000336,2.090835832761817,1.0000000000137141,0.12284627982872762,4.5245472838186324e-11,0.9462958661778071
A12-950-6-60000,12,950.0,6.0,60000.0,12.0,0.1,ok,0.0006817776628715574,0.0008335740214683146,0.0007612371998153981,0.0005681695227228721,-4.783780345206019e-05,-0.00017532481108586772,1.0000000000000002,2.2238229429327507,1.0000000000000002,0.20047757212285977,7.382300617968484e-10,0.21703054315584477
A12-950-6-60000,12,950.0,6.0,60000.0,12.0,0.15,ok,0.001328768071348601,0.0015543291613405623,0.0010404809998447045,0.0007061797725428968,-5.0819855544975416e-05,-0.00027034051634472494,1.0000000000000002,2.429660778739423,1.0000000000000002,0.16971631826410635,2.4892097584652384e-09,0.6939856355180181
A12-950-6-60000,12,950.0,6.0,60000.0,12.0,0.2,ok,0.0010899146322755054,0.002076884251953411,0.0010584529134385126,0.000899722771871785,0.0001538755377500427,-0.00023180107562254554,1.0000000000000002,2.0728447254988227,1.0000000000000002,0.159351922452922,3.2780085618085673e-09,0.556775882469432
A12-950-6-60000,12,950.0,6.0,60000.0,12.0,0.3,ok,0.0015188386072643074,0.002109102327472322,0.0010369205508136972,0.0009481258272687683,2.808951431746713e-05,-0.00015144398724245193,1.0000000000000002,2.5726072944245875,1.0000000000000002,0.15181854620608204,4.300870024190348e-09,0.5309374127288509
A12-950-6-60000,12,950.0,6.0,60000.0,12.0,0.4,ok,0.0014326391377758841,0.003358209864489804,0.0010189611758526479,0.0009171988082650164,7.763102186685405e-05,-6.950347351070402e-05,1.0000000000000002,3.0279098526679697,1.0000000000000002,0.14291764914201638,5.7776636862993455e-09,0.9582138550042104
A12-950-6-60000,12,950.0,6.0,60000.0,12.0,0.5,ok,0.002338661204155407,0.0003092525550373625,0.0009827303417946824,0.0007777775020057036,-0.0010211660939643962,6.846558348758564e-05,2.415244511295996,2.760952889661241,1.0000000000000002,0.20881338387114698,3.886705647537954e-09,0.5475898227197261
A12-950-6-60000,12,950.0,6.0,60000.0,12.0,0.6,ok,0.0010609988338470733,0.0022562753746046015,0.0009224600735103975,0.0008204360766724297,-0.00021666950516239754,0.00036308273565558325,1.0000000000000002,2.8007624925918697,1.0000000000000002,0.16695543149392064,3.1395778110315418e-09,0.4976117913888609
A12-950-6-60000,12,950.0,6.0,60000.0,12.0,0.7,ok,0.0022826567810674808,0.0016213215545695405,0.0021726999997901714,0.0020753687502192437,-0.00017568615889269244,0.0015392174999999998,1.0000000000000002,1.417808973529557,1.0000000000000002,0.2140608753615706,1.5263022415158296e-08,6.449468317223884
A12-950-6-60000,12,950.0,6.0,60000.0,12.0,0.8,ok,0.0021213715432608334,0.001465497114624037,0.002040822604783819,0.0025201735318965,-0.00016327976481080354,0.0014461749999999998,1.0000000000000002,1.1788494679938535,1.0000000000000002,0.20299100802653783,1.4017123229937326e-08,5.038875718338797
A12-950-6-60000,12,950.0,6.0,60000.0,12.0,0.9,not_converged:The maximum number of function evaluations is exceeded.,0.002960361696970259,2.7794081499999714e-05,0.0012310326805120247,0.0009872055050766644,-0.0018423749987196395,-2.321171900112299e-05,1.640989550160482,2.009593845785066,1.6689091258364765,0.24732684629370713,6.627524319928517e-09,1.4182555163809194
A12-950-6-60000,12,950.0,6.0,60000.0,12.0,1.0,not_converged:The maximum number of function evaluations is exceeded.,0.002895095906022073,2.8216200000000247e-05,0.0011762865288113507,0.0009468368117445593,-0.0018354249433648435,3.681056178562272e-05,1.777833519819494,1.967647131062983,1.7968854186877776,0.26540718959214066,6.260773586560412e-09,1.296819885040632
A13-950-10-60000,13,950.0,10.0,60000.0,12.0,0.05,ok,0.0005318585027092134,0.0006907519795045475,0.0005311852255560709,0.00030027285078903257,-2.8838175628947926e-05,-7.970093806701893e-05,1.0000000000000084,3.3102079560707534,1.0000000000000002,0.1755259535915673,2.602218843365711e-10,0.17584675863383373
A13-950-10-60000,13,950.0,10.0,60000.0,12.0,0.1,ok,0.001414529649064753,0.0012352943554088647,0.0010721784382598388,0.0006280435812960639,-0.00016847226699648704,-0.0002472901459209548,1.0000000000000002,2.2271157450602117,1.0000000000000002,0.1737199731114749,2.011274464584123e-09,0.7708214033288863
A13-950-10-60000,13,950.0,10.0,60000.0,12.0,0.15,ok,0.001459967815447059,0.0019167041951002333,0.0012239539649423566,0.0007642123920970143,-3.9238378393844225e-05,-0.0002617530711429985,1.0000000000000002,1.9704871943915345,1.0000000000000002,0.16805134247226552,3.342219548108016e-09,0.7946028464772464
A13-950-10-60000,13,950.0,10.0,60000.0,12.0,0.2,ok,0.001190079657760285,0.0021222631118044083,0.0010603238891606678,0.0008922644809935305,1.674749586427439e-05,-0.00021738394647732485,1.0000000000000002,2.210422938033818,1.0000000000000002,0.18230635285626567,3.5192398188909505e-09,0.5172367640230897
A13-950-10-60000,13,950.0,10.0,60000.0,12.0,0.3,ok,0.0014511286997828823,0.0018730677986140989,0.001021484923949669,0.000992424470508985,-4.586976843859008e-05,-0.00014929891990475986,1.0000000000000002,2.3934334333336347,1.0000000000000002,0.1703312372012244,3.932203503075925e-09,0.4275522688928671
A13-950-10-60000,13,950.0,10.0,60000.0,12.0,0.4,ok,0.0014319409511768908,0.0024428330175164928,0.0011047214192656284,0.0009896203280657808,-0.00018186498812751786,-0.00013445594142167015,1.0000000000000002,2.2921458085896256,1.0000000000000002,0.1627567589585545,4.842449239362927e-09,0.6038398829541426
A13-950-10-60000,13,950.0,10.0,60000.0,12.0,0.5,ok,0.0014278556165984101,0.0031485046831155193,0.0010826320708650276,0.0009344058647504159,-0.0001760267062297856,-0.0001108037507112637,1.0000000000000002,2.1042685507327743,1.0000000000000002,0.18234603809128822,5.0713539908830245e-09,0.6878897589849661
A13-950-10-60000,13,950.0,10.0,60000.0,12.0,0.6,ok,0.0010576958441930297,0.003457978074302069,0.000945299442636243,0.0009587013153145537,3.9507520666937495e-05,-8.112794776765777e-05,1.0000000000000002,2.63667884178924,1.0000000000000002,0.1704618727542055,4.98821034055051e-09,0.691217142283989
A13-950-10-60000,13,950.0,10.0,60000.0,12.0,0.7,ok,0.0011204932052630628,0.003841367417112501,0.0010286078012047958,0.0009286743290447398,3.930009117014115e-05,-0.00010786626621207476,1.0000000000000002,2.114230566868395,1.0000000000000002,0.1747502100372304,5.204725798658459e-09,0.7526486257042337
A13-950-10-60000,13,950.0,10.0,60000.0,12.0,0.8,ok,0.0012759674489167272,0.00474299389473618,0.0010254722465054748,0.0008693738097771193,4.045445316191263e-05,-0.00012153720987518606,1.0000000000000002,2.637287424301614,1.0000000000000002,0.1678461527955439,6.5413142224167606e-09,1.1727736385348968
A13-950-10-60000,13,950.0,10.0,60000.0,12.0,0.9,ok,0.0009701734114324605,0.002727755360722156,0.0009327645952002245,0.0010043630285153193,2.573544925708325e-05,-4.875186407463569e-05,1.0000000000000002,2.60278972176938,1.0000000000000002,0.1774234817979337,4.198925944333106e-09,0.5196608842410921
A13-950-10-60000,13,950.0,10.0,60000.0,12.0,1.0,ok,5.220389167947562e-07,0.002218193987951147,0.0009422278429833734,0.0006793024420290636,1.482497262347132e-05,0.0003357081487641092,1.0001753994893006,2.2350138668680533,1.000000127255171,0.19299865255953505,1.6037110181623918e-09,1.5262537193532135
A14-950-8-40000,14,950.0,8.0,40000.0,8.0,0.05,ok,0.0008485184488782813,0.0007087090080785207,0.0007903609819390839,0.00044260615817347216,-0.00013776072595572997,-0.00012201101649946004,1.0000000000000002,1.9351147543258458,1.0000000000000002,0.21876009806015528,5.708130893158522e-10,0.36427596614443153
A14-950-8-40000,14,950.0,8.0,40000.0,8.0,0.1,ok,0.0014586066858446943,0.0012960874154467645,0.001011874493767023,0.0006175809565404966,-0.00014241699127862773,-0.00023617503046932805,1.0000000000000002,2.4225967007628544,1.0000000000000002,0.1716541101693097,2.0200473300803082e-09,0.7043664055298909
A14-950-8-40000,14,950.0,8.0,40000.0,8.0,0.15,ok,0.001089385157664747,0.001885788357295278,0.0010726946932042404,0.0007934271340159618,4.528751766713304e-05,-0.0002539062483730928,1.0000000000000002,2.12637829500008,1.0000000000000002,0.16763191950596254,2.7887380943035697e-09,0.6430263257100466
A14-950-8-40000,14,950.0,8.0,40000.0,8.0,0.2,ok,0.0016600428781422924,0.0018989140055658588,0.0011511024237812841,0.000736180990461747,-4.710394992322722e-05,-0.0002252236083106952,1.0000000000000002,1.8930509234742872,1.0000000000000002,0.16126656064780248,3.122251367976787e-09,0.8236770788574665
A14-950-8-40000,14,950.0,8.0,40000.0,8.0,0.3,ok,0.0010249071640179494,0.002321829949951258,0.0011645750710424967,0.0009099253035985261,1.630442463074628e-05,-0.0002004699002693084,1.000000000000001,1.879812361806835,1.0000000000000002,0.15207817206208318,3.657184932963205e-09,0.752048326069289
A14-950-8-40000,14,950.0,8.0,40000.0,8.0,0.4,ok,0.0016122452841093487,0.0014390635852446734,0.000938159084633995,0.0009165659481637299,-0.00014922724628151277,-0.00011850451871698179,1.0000000000000002,2.371358889943518,1.0000000000000002,0.16575496831543843,3.0483054483161287e-09,0.4519154262961646
A14-950-8-40000,14,950.0,8.0,40000.0,8.0,0.5,ok,0.0010854848685209354,0.002598875966836022,0.0010959675432472696,0.0008580405392354014,4.5079692692059135e-05,-0.00014296424827395663,1.0000000000000002,1.9659863358831717,1.0000000000000002,0.16679825106340987,3.661835503621265e-09,0.7406032063279449
A14-950-8-40000,14,950.0,8.0,40000.0,8.0,0.6,ok,0.001055121624761927,0.0024924646961767406,0.0010447776564618005,0.0008990020662846154,5.6377020483820585e-05,-0.00014629549117456717,1.0000000000000002,2.1017457500413292,1.0000000000000002,0.1707172571561801,3.6478488898777884e-09,0.6533003353598397
A14-950-8-40000,14,950.0,8.0,40000.0,8.0,0.7,ok,0.0026877723860903326,1.0965141453088873e-08,0.0012135252725090306,0.0008223665236851532,-0.0011499975646131735,-0.0002500492390297665,1.4429907310826986,1.8495375794771938,1.1853076711983654,0.2698469044050168,3.794518819182143e-09,0.6541303674705307
A14-950-8-40000,14,950.0,8.0,40000.0,8.0,0.8,ok,0.0010949973019874779,0.00267287151075926,0.0009581797380526967,0.0009008869634055653,0.0001290314987786016,-0.0001178145604281578,1.000000000000001,2.3484588244349798,1.0000000000000002,0.17061410438279018,3.761439195279348e-09,0.6423681583433062
A14-950-8-40000,14,950.0,8.0,40000.0,8.0,0.9,ok,0.0013695704027540966,0.0021887334970543243,0.0010325076927470648,0.0008817620831388586,-4.9982748768166505e-05,-0.00010358131179556225,1.0000000005821517,2.1300332594669156,1.0000000000002023,0.17854538425164534,3.5709216781759356e-09,0.5765733956229514
A14-950-8-40000,14,950.0,8.0,40000.0,8.0,1.0,ok,0.0010793852170118922,0.002726961351168266,0.0009132945787347621,0.000866432499158031,4.370811298037171e-05,-5.927208399833548e-05,1.0000000000000002,2.724928591619241,1.0000000000000002,0.16395654864911227,3.7235409553668587e-09,0.6409405790558867
A15-950-8-70000,15,950.0,8.0,70000.0,14.0,0.05,ok,0.00032184921850004377,0.00032881738405996506,0.0004227973039003586,7.722127748426356e-05,-0.0001675296592155137,-4.911587891521315e-05,1.0000000000000002,5.199359603017977,2.027854171472682,0.15739568837861143,4.5373703021353156e-11,0.42158461308582024
A15-950-8-70000,15,950.0,8.0,70000.0,14.0,0.1,ok,0.0012546605053654696,0.0011497219036190056,0.0011641108599713464,0.0005911848557903141,-0.00013293220713061417,-0.0002223269825704681,1.0000000000000002,1.9437007046639314,1.0000000000000002,0.18346785752835684,1.7380741363218939e-09,0.6864477125021562
A15-950-8-70000,15,950.0,8.0,70000.0,14.0,0.15,ok,0.0014355326930909225,0.0014203499246562038,0.0010722642317941402,0.0008523174863446818,-0.00015713185378249365,-0.0002115024870742701,1.0000000000000002,1.8870347950339816,1.0000000000000002,0.15364508020276765,2.6972587787892956e-09,0.4865958464350117
A15-950-8-70000,15,950.0,8.0,70000.0,14.0,0.2,ok,0.002117337896853627,0.002095056051161627,0.0011473853354445117,0.0008591050811948373,-6.380551943097305e-05,-0.0002552407211125595,1.0000000000000002,1.963542361390788,1.0000000000000002,0.14843466745176245,4.385548666442202e-09,0.7296611734996156
A15-950-8-70000,15,950.0,8.0,70000.0,14.0,0.3,ok,0.001432997448992986,0.00296446096985921,0.0010936537993818057,0.0009433408755391663,5.549962314629037e-05,-0.00011598190645136668,1.0000000000000002,2.273559487565941,1.0000000000000002,0.16105509215753666,5.165771332815525e-09,0.6664926104961836
A15-950-8-70000,15,950.0,8.0,70000.0,14.0,0.4,ok,0.0013413655033799846,0.003945283140980417,0.0009906380962019941,0.0009283806333581712,4.607096830346579e-05,-2.529653247656249e-05,1.0000000000000009,2.7790336465434575,1.000000000000002,0.12728688441842895,6.060556705763033e-09,0.8654299943663616
A15-950-8-70000,15,950.0,8.0,70000.0,14.0,0.5,ok,0.0010761284521413027,0.002749598958338316,0.0009273859919134739,0.0009647686669810847,-5.0037708046488806e-05,0.00016034809108951567,1.0000000000000002,3.4292734951750576,1.0000000000000002,0.19496457848780732,4.625804023872783e-09,0.531030307036234
A15-950-8-70000,15,950.0,8.0,70000.0,14.0,0.6,ok,0.002543617751596019,1.0991293797773178e-08,0.0011357628606016462,0.0008543440473794263,-0.0015499975665382356,0.00013448225123395243,1.8118695628406105,1.881981046415205,1.3784329631374577,0.23197995973980923,4.214951396807273e-09,0.4780502629642375
A15-950-8-70000,15,950.0,8.0,70000.0,14.0,0.7,not_converged:The maximum number of function evaluations is exceeded.,0.003005260346807629,0.00582338386225,0.001191791772369546,0.0009608535720478803,-0.0022484499989349435,0.0001638937616378584,1.8212416483642633,2.0412260284428414,1.7945430977462575,0.18130491094388498,1.986721004028825e-08,5.875547929410991
A15-950-8-70000,15,950.0,8.0,70000.0,14.0,0.8,not_converged:The maximum number of function evaluations is exceeded.,0.00341378918190169,3.314994999999935e-05,0.0013488859572596584,0.0009488813505322219,-0.0022274999991142796,-4.2704876508821425e-05,1.696080141813976,1.8488525342276512,1.7138384877356108,0.2900566887044457,7.985862741293566e-09,1.6079614930794317
A15-950-8-70000,15,950.0,8.0,70000.0,14.0,0.9,not_converged:The maximum number of function evaluations is exceeded.,0.0034264618813099287,3.1415881499999646e-05,0.0012271790761310168,0.000965343808167989,-0.0022812749995902055,-3.4131665573736535e-05,1.8301824408304685,1.9313023261640787,1.839517945355438,0.241200871764059,7.978234390744424e-09,1.4849300020074085
A15-950-8-70000,15,950.0,8.0,70000.0,14.0,1.0,not_converged:The maximum number of function evaluations is exceeded.,0.003410075391088427,0.0063090463,0.00121834394335274,0.0009389979482613944,-0.002194774999173189,-1.9377243384077768e-05,1.7142958105371797,2.1043690765818037,1.7437203303623132,0.26053077558305493,2.136260502980755e-08,5.77981932260347
